0.000000000000000000e+00,1.968886085570960981e-02,3.937772171140881128e-02,4.580461603147338578e-02,5.223151035156491789e-02,5.865840467165027439e-02,6.508529899172524336e-02,7.151219331180645733e-02,7.793908763188134303e-02,8.436598195195649241e-02,9.079287627201451660e-02,9.721977059207319305e-02,1.036466649121539768e-01,1.100735592322269751e-01,1.165004535523020968e-01,1.229273478723768298e-01,1.293542421924516184e-01,1.357811365125266845e-01,1.422080308325936182e-01,1.486349251526684068e-01,1.550618194727431398e-01,1.614887137928265604e-01,1.679156081128847788e-01,1.743425024329354200e-01,1.807693967530183687e-01,1.871962910730932961e-01,1.936231853932619817e-01,2.000500798086353171e-01,1.240626339966431457e+00,6.973236883595927083e+00,2.469027478793355712e+01,4.847739312367836106e+01,6.777784736173953206e+01,8.263771825826947293e+01,9.305063568973035615e+01,9.892076750659140316e+01,9.958200101853341835e+01,9.389456357344475634e+01,8.134601781421726230e+01,6.635064299416983147e+01,4.410687439699240997e+01,3.049762352419609002e+01,3.277605121286227075e+01,3.326518491062352467e+01,3.183432765148714694e+01,3.077707592667707459e+01,3.045483590720636258e+01,2.812491450736740006e+01,2.343781820554054462e+01,1.692663838439062118e+01,9.167783897932094916e+00,2.056998224046227453e+00,-9.181789677989855569e-01,-9.117116895354111517e-01,-9.052379947812494443e-01,-8.987711561441541486e-01,-8.923228688149329457e-01,-8.859004624758627378e-01,-8.795048989089111480e-01,-8.731277177583459670e-01,-8.667524929203697104e-01,-8.603632008923395302e-01,-8.539544717719393940e-01,-8.475328248374340845e-01,-8.411067343301114052e-01,-8.346799034390685046e-01,-8.282530114879014249e-01,-8.218261171859589931e-01,-8.153992228538948783e-01,-8.089723248733985406e-01,-8.025453300446102611e-01,-7.961177729619557386e-01,-7.896889036863860012e-01,-7.832585089724807270e-01,-7.768273844233620773e-01,-7.703968369804252703e-01,-7.639679829344441231e-01,-7.575414537434739248e-01,-7.511172668677303932e-01,-7.446945958438626612e-01,-7.382719191842990192e-01,-7.318479200145031616e-01,-7.254223164686456338e-01,-7.189957546791030385e-01,-7.125689098259986309e-01,-7.061420193372002219e-01,-6.997151250997548644e-01,-6.932882307795397159e-01,-6.868613364592711656e-01,-6.804344421390264852e-01,-6.740075478187728120e-01,-6.675806534985267993e-01,-6.611537591782813417e-01,-6.547268648580439887e-01,-6.482999705378232891e-01,-6.418730762175939297e-01,-6.354461818973731191e-01,-6.422812541124399699e-01,-6.491144338753765952e-01,-6.426875395552993364e-01
0.000000000000000000e+00,9.170315571058822147e-05,1.834063114253397793e-04,2.751094671359356715e-04,3.668126228423528859e-04,4.585157785529397250e-04,5.502189342635446703e-04,6.419220899741226189e-04,7.336252456847057717e-04,8.253284013953018266e-04,9.170315571058794499e-04,1.008734712816424656e-03,1.100437868527089341e-03,1.192141024241894810e-03,1.283844179956571911e-03,1.375547335667182819e-03,1.467250491373574880e-03,1.558953647080082517e-03,1.650656802790603653e-03,1.742359958501301515e-03,1.834063114211845853e-03,1.925766269922390191e-03,2.017469425633256971e-03,2.109172581343668820e-03,2.200875737054419374e-03,2.292578892764820814e-03,2.384282048475548817e-03,2.475985204186073856e-03,2.567688359896660479e-03,2.659391515607171207e-03,2.751094671317712292e-03,2.842797827028484096e-03,2.934500982742813385e-03,3.026204138458023479e-03,3.117907294168669515e-03,3.209610449874897211e-03,3.301313605654376208e-03,5.500662443998700635e-01,7.473699190052919050e+00,1.741784972269823228e+01,1.815323491148954460e+01,1.773578666650423941e+01,2.198437880206444106e+01,2.500473228884483490e+01,2.686180162291805118e+01,2.779156570273365290e+01,2.785466811189356306e+01,2.685894094749763283e+01,2.452449224452845655e+01,2.055346558029717130e+01,1.466268922563580546e+01,8.095794357328701452e+00,3.815770697042294657e+00,1.317568296404287409e+00,-1.326359549649036573e-02,-1.320403200898374874e-02,-1.311212965789291737e-02,-1.302043885935211254e-02,-1.292897973981948882e-02,-1.283767675687866316e-02,-1.274636912389571879e-02,-1.265491946225226483e-02,-1.256331431716655248e-02,-1.247162853725768301e-02,-1.237992601924766539e-02,-1.228822286521960398e-02,-1.219651970950922336e-02,-1.210481655379854610e-02,-1.201311339773378228e-02,-1.192140990594935807e-02,-1.182969715474813631e-02,-1.173792905510450020e-02,-1.164602679492263149e-02,-1.155396849884570039e-02,-1.146185262078799720e-02,-1.136983900972782929e-02,-1.127805072430573645e-02,-1.118652826121432388e-02,-1.109523466516463587e-02,-1.100408169255771840e-02,-1.091267552956157703e-02,-1.082097237385070028e-02,-1.072926921813998832e-02,-1.063756605700838347e-02,-1.054586290005491388e-02,-1.045415974975828777e-02,-1.036245659528713461e-02,-1.027075343958592894e-02,-1.017905028387586057e-02,-1.008734712816463167e-02,-9.995643972454655232e-03,-9.903940816744189607e-03,-9.812237661034166336e-03,-9.720534505323261826e-03,-9.628831349613059878e-03,-9.537128193901634951e-03,-9.445425038191044426e-03,-9.353721882472855811e-03,-9.261072500665113935e-03,-9.169369344963627239e-03
0.000000000000000000e+00,5.329995137935651484e-06,1.065999027587130297e-05,1.598998541381446679e-05,2.131998055174260593e-05,2.664997568968205806e-05,3.197997082762893357e-05,3.730996596534204832e-05,4.263996110348521187e-05,4.796995624158762296e-05,5.329995137936411611e-05,5.862994651720567494e-05,6.395994165525786714e-05,6.928993679311357481e-05,7.461993193068409665e-05,7.994992706913682024e-05,8.527992220697042374e-05,9.060991734484125603e-05,9.593991248317524593e-05,1.012699076205827851e-04,1.065999027588909168e-04,1.119298978967982189e-04,1.172598930353729830e-04,1.225898881725460499e-04,1.279198833104057691e-04,1.332498784484049709e-04,1.385798735866787469e-04,1.439098687247700788e-04,1.492398638622867565e-04,1.545698590002812962e-04,1.598998541382790615e-04,1.652298492761737733e-04,1.705598444138149987e-04,1.758898395517523468e-04,1.812198346901680991e-04,1.865498298286820259e-04,1.918798249662079193e-04,1.972098201032901571e-04,2.025398152416688026e-04,3.061365244760922422e-01,2.546054702795198299e+00,5.510252787034042754e+00,8.047993508766715820e+00,1.080426489285655123e+01,1.307936007642689269e+01,1.478039379642659590e+01,1.566845130829724830e+01,1.551046050698539069e+01,1.414614439316870254e+01,1.164731870087942944e+01,8.284341279136919312e+00,4.455575017553308648e+00,1.241563933069479209e+00,-7.781792901370843249e-04,-7.728492949971466509e-04,-7.675192998630969536e-04,-7.621893047239287379e-04,-7.568593095839347938e-04,-7.515293144500597615e-04,-7.461993193130636364e-04,-7.408693241746565307e-04,-7.355393290399990297e-04,-7.302093338993452401e-04,-7.248793387559985093e-04,-7.195493436239771374e-04,-7.142193484849117041e-04,-7.088893533434699164e-04,-7.035593582071983636e-04,-6.982293630728870484e-04,-6.928993679333725385e-04,-6.875693727943956845e-04,-6.822393776604355423e-04,-6.769093825158420874e-04,-6.715793873787349400e-04,-6.662493922409215433e-04,-6.609193971040901085e-04,-6.555894019648824279e-04,-6.502594068290990913e-04,-6.449294116904279823e-04,-6.395973503584139342e-04,-6.342529360133390736e-04,-6.289038691250228115e-04,-6.235847854791863034e-04,-6.182758079452306283e-04,-6.129493205247350113e-04,-6.076194457248991531e-04,-6.022894505865683751e-04,-5.969594554480429829e-04,-5.916294603113881646e-04,-5.862994651751279960e-04,-5.809694700344974084e-04,-5.756394748962510898e-04,-5.703094797588637846e-04,-5.649794846215616976e-04,-5.596494894838665874e-04,-5.543194943435831613e-04,-5.489894992066176108e-04,-5.436595040663071881e-04,-5.381718045833715474e-04,-5.320532877013183859e-04
0.000000000000000000e+00,9.215850716828245456e-03,2.948334021335033070e-02,4.754050195392449385e-02,5.454602491480785992e-02,6.155154787571270880e-02,6.855707083661014001e-02,7.556259379749845351e-02,8.256811675839491327e-02,8.957363971928390678e-02,9.657916268017063821e-02,1.035846856410413547e-01,1.105902086019187047e-01,1.175957315628120975e-01,1.246012545236964975e-01,1.316067774845885163e-01,1.386123004454788143e-01,1.456178234063658372e-01,1.526233463672554969e-01,1.596288693281362192e-01,1.666343922890263229e-01,1.736399152499166210e-01,1.806454382108110268e-01,1.876509611716851156e-01,1.946564841325475193e-01,2.016620070934471154e-01,2.086675300543484879e-01,2.156730530311997129e-01,3.950368034602602663e-01,2.218196268318730624e+00,9.948283929842615336e+00,2.866990535951115504e+01,5.167173030711144577e+01,7.015501747968400537e+01,8.420525809467277156e+01,9.387862744966216155e+01,9.904990826111550462e+01,9.895198844314019482e+01,9.236057761436137525e+01,7.868575351161429410e+01,5.773029802477573469e+01,3.081465892688320096e+01,1.468989901742506454e+01,1.115745813665326835e+01,6.778667323885521512e+00,2.010365729926421707e+00,-6.989890441535833165e-01,-1.038275748779242003e+00,-1.031274231965253918e+00,-1.024276331782811633e+00,-1.017278350321829228e+00,-1.010274598398219315e+00,-1.003258188824072361e+00,-9.962251243794452149e-01,-9.891781480599740606e-01,-9.821269673511473508e-01,-9.750845919578653431e-01,-9.680619894861896002e-01,-9.610654283016485389e-01,-9.540942998299529743e-01,-9.471388160907158182e-01,-9.401826180802135280e-01,-9.332114578959918028e-01,-9.262219471657711090e-01,-9.192209309949613827e-01,-9.122160884495618127e-01,-9.052106187410099425e-01,-8.982050977572316741e-01,-8.911995748094341252e-01,-8.841940512285192399e-01,-8.771885084658058718e-01,-8.701827912872202031e-01,-8.631763868649461324e-01,-8.561686347088289795e-01,-8.491594897149223886e-01,-8.421498327093532854e-01,-8.351409388584334348e-01,-8.281338436474792175e-01,-8.211290762015628353e-01,-8.141265174593437237e-01,-8.071252456937919595e-01,-8.001237581185431935e-01,-7.931208410889537541e-01,-7.861164071597962488e-01,-7.791111625367418414e-01,-7.721056811961900523e-01,-7.651001614418156960e-01,-7.580946385497715490e-01,-7.510891155887382542e-01,-7.440835926276354595e-01,-7.370780696665772957e-01,-7.300725467055136919e-01,-7.230670237444574155e-01,-7.160615007834063572e-01,-7.090559778223471943e-01,-7.020504548612924722e-01,-6.950449319002701687e-01,-6.902497366940950618e-01,-6.965061802688913284e-01,-7.005522960888947992e-01
0.000000000000000000e+00,6.073338962237968298e-04,1.214667792449675328e-03,1.822001688675498965e-03,2.429335584901432324e-03,3.036669481135587188e-03,3.644003377355161267e-03,4.251337273566500180e-03,4.858671169798701311e-03,5.466005066030764532e-03,6.073338962260766034e-03,6.680672858475903558e-03,7.288006754695750856e-03,7.895340650919364239e-03,8.502674547137163696e-03,9.110008443364844138e-03,9.717342339589075950e-03,1.032467623581267632e-02,1.093201013203654905e-02,1.153934402826007136e-02,1.214667792448401173e-02,1.275401182070768843e-02,1.336134571693159932e-02,1.396867961315532460e-02,1.457601350937941243e-02,1.518334740560333025e-02,1.579068130182712665e-02,1.639801519805063681e-02,1.700534909427389371e-02,1.761268299049407668e-02,1.822001688671303493e-02,1.882735078293981679e-02,1.943468467916538781e-02,2.004201857538877654e-02,2.064935247161256426e-02,2.125668636786775048e-02,2.186402026785731756e-02,2.247135433300493160e-02,2.307868841501670848e-02,2.368602491673348423e-02,2.429335961626709686e-02,2.490069599569766368e-02,2.550804006798790616e-02,2.611538667564785449e-02,2.672273209655308054e-02,2.733007158109131488e-02,2.793740306371875551e-02,9.178544086369461175e-02,4.282485281232658814e+00,1.578532001522621364e+01,2.934916289157958502e+01,4.047969779627718623e+01,4.911077126794159398e+01,5.531958822145112009e+01,5.928841866854598663e+01,6.117885039947849179e+01,6.084605575659663401e+01,5.782151776375801688e+01,5.172562851568469711e+01,4.224908594451883204e+01,2.908822411357522597e+01,1.217712618597030882e+01,1.372722717459162967e+00,-6.102938847945631878e-02,-7.164709018995625567e-02,-7.169577959835374270e-02,-7.108844570557730502e-02,-7.048111174282403746e-02,-6.982942869439469347e-02,3.850553365717575449e+00,1.244918562382466476e+01,2.092812777192194673e+01,2.758805939931749052e+01,3.238644542908323842e+01,3.543505138553031486e+01,3.691831194729433463e+01,3.676555547170119098e+01,3.459983809585737191e+01,3.012152388851403373e+01,2.308084203266719570e+01,1.318879050543552189e+01,4.096705685369602001e+00,4.652252596878105884e-01,1.128231015489821049e-01,-3.498228661241392645e-02,-6.422474031057068267e-02,-6.840838358118545015e-02,-6.802139637704714137e-02,-6.741406248083925412e-02,-6.680672858461819685e-02,-6.619939468839361463e-02,-6.559206079216824137e-02,-6.498472689594347873e-02,-6.437739299972172757e-02,-6.377005910349557716e-02,-6.316272520727410356e-02,-6.250277705523037131e-02,-6.189544315899869059e-02,-6.134072351859251593e-02,-6.073338962237696120e-02
0.000000000000000000e+00,1.539389517352663642e-04,3.078779034705327283e-04,4.618168552058581002e-04,6.157558069417593460e-04,7.696947586825802134e-04,9.236337104276756563e-04,1.077572662156558048e-03,1.231511613883518692e-03,1.385450565627072183e-03,1.539389517368629874e-03,1.693328469098643414e-03,1.847267420827595737e-03,2.001206372562623279e-03,2.155145324295768862e-03,2.309084276028884955e-03,2.463023227764261826e-03,2.616962179499038917e-03,2.770901131234715462e-03,2.924840082970946251e-03,3.078779034706674404e-03,3.232717986440080630e-03,3.386656938175230686e-03,3.540595889909433150e-03,3.694534841645257146e-03,3.848473793380653967e-03,4.002412745116637124e-03,4.156351696852593827e-03,4.310290648586598966e-03,4.464229600322744754e-03,4.618168552060324290e-03,4.772107503791592903e-03,4.926046455528487224e-03,5.079985407264838576e-03,5.233924358997058685e-03,5.387863310739697542e-03,5.541802263217088069e-03,1.789390836612616068e-02,3.619146878910342036e+00,1.176024079666960631e+01,1.597372151877438462e+01,1.564585225871831753e+01,1.746569991772484443e+01,2.032596447686919205e+01,2.168302838149831757e+01,2.180870814048764927e+01,2.115050708658400680e+01,1.990502867426537392e+01,1.856143985600071389e+01,1.982953419486835145e+01,2.428467308118488788e+01,2.861188365040859338e+01,3.292462099577726065e+01,3.828858090402263770e+01,4.300892405905302951e+01,4.611836758190254670e+01,4.758530129687027710e+01,4.716311175509328990e+01,4.445866875475395119e+01,3.918149416477823621e+01,3.115768401133294674e+01,2.032927604308069292e+01,8.044609393355948157e+00,9.346112385194331740e-01,-9.413537280412097655e-03,-1.872313188847641793e-02,-1.911587902450422732e-02,-1.896194006455274861e-02,-1.880060953158495599e-02,4.170240270666599192e-01,3.551682252423336905e+00,9.279957373242572416e+00,1.476295721928184257e+01,1.906607452201054542e+01,2.217244108650404755e+01,2.413825318206746218e+01,2.502667373391199490e+01,2.473310318553910037e+01,2.300357024058487809e+01,1.964798358101552367e+01,1.452076862312563499e+01,7.907683150727062404e+00,2.386130524788115714e+00,3.048409231327640079e-01,8.849095956032122789e-02,2.386680681416658741e-03,-1.458654166047600870e-02,-1.711874776539686754e-02,-1.708722364258378687e-02,-1.693328469086439678e-02,-1.677934573913597224e-02,-1.662540678741116981e-02,-1.647146783567123365e-02,-1.631752888392981604e-02,-1.616358993220645690e-02,-1.600965098045531790e-02,-1.584694298609409802e-02,-1.564915882115602147e-02,-1.550288498161121742e-02,-1.539200272131703746e-02
0.000000000000000000e+00,3.442673712549959456e-05,6.885347425099918911e-05,1.032802113766912567e-04,1.377069485019983782e-04,1.721336856278453376e-04,2.065604227559267563e-04,2.409871598871880587e-04,2.754138970098948163e-04,3.098406341311029082e-04,3.442673712606636937e-04,3.786941083890885064e-04,4.131208455137617085e-04,4.475475826366843578e-04,4.819743197602090645e-04,5.164010568851052328e-04,5.508277940079935129e-04,5.852545311344159668e-04,6.196812682594302589e-04,6.541080053861866471e-04,6.885347425119400398e-04,7.229614796373784718e-04,7.573882167640092009e-04,7.918149538881754301e-04,8.262416910128568721e-04,8.606684281371507119e-04,8.950951652649331890e-04,9.295219023895902365e-04,9.639486395157738407e-04,9.983753766407584256e-04,1.032802113765415039e-03,1.067228850893086386e-03,1.101655588018146323e-03,1.136082325144230397e-03,1.170509062268134141e-03,1.204935799396908988e-03,1.239362536649761450e-03,2.284609069076716081e-03,3.062399736287875762e-01,2.656195227643188606e+00,7.829870846951449082e+00,1.224332036177976946e+01,1.502473891341848322e+01,1.875469399931615300e+01,2.262222154171417543e+01,2.523871111696767500e+01,2.654155109929385503e+01,2.646468320318407663e+01,2.496511290571284292e+01,2.268767436209429178e+01,2.153183084502193978e+01,2.177856330570462973e+01,2.212455618645259747e+01,2.375943277319318270e+01,2.736767503882859742e+01,3.107160735090862147e+01,3.370731416891652543e+01,3.499914131165128595e+01,3.459666706775738021e+01,3.218122123601769857e+01,2.763699057865292019e+01,2.107995901217795520e+01,1.291551749276993633e+01,4.819866938556871538e+00,5.721270267663647324e-01,3.869723939774323725e-03,-4.073241637959520295e-03,-4.494386639265775252e-03,-4.458976708321325116e-03,3.190118428238814668e-02,4.749731066505814003e-01,2.261116733749040542e+00,5.118845297949119910e+00,7.806000668810995080e+00,9.946076174547634707e+00,1.152622792690540265e+01,1.254129908763378864e+01,1.297065616447712699e+01,1.272224649449386114e+01,1.166543914400398307e+01,9.724060644761074457e+00,6.901137841961875630e+00,3.577162277435905313e+00,1.044947697007130971e+00,1.417280178384754674e-01,4.220454859950477366e-02,4.654124984633807582e-03,-2.675357991109405219e-03,-3.770361642221530148e-03,-3.786941083805843173e-03,-3.752514346681778100e-03,-3.718087609557627592e-03,-3.683660872435659799e-03,-3.649234135307218452e-03,-3.614807398180603770e-03,-3.580380661056992327e-03,-3.544492416827039246e-03,-3.495450608641655944e-03,-3.425947700968138936e-03,-3.406136034896453061e-03
0.000000000000000000e+00,2.354731757666674629e-06,4.709463515333349258e-06,7.064195273024752168e-06,9.418927030666698517e-06,1.177365878834110486e-05,1.412839054604950434e-05,1.648312230360447057e-05,1.883785406133339703e-05,2.119258581888198002e-05,2.354731757668220973e-05,2.590204933431340214e-05,2.825678109209900867e-05,3.061151284958610384e-05,3.296624460720894113e-05,3.532097636481056871e-05,3.767570812266679407e-05,4.003043988026820481e-05,4.238517163776396005e-05,4.473990339541510856e-05,4.709463515346670037e-05,4.944936691075619293e-05,5.180409866866355197e-05,5.415883042585178004e-05,5.651356218361891108e-05,5.886829394155061046e-05,6.122302569887092146e-05,6.357775745686005645e-05,6.593248921514090958e-05,6.828722097238658004e-05,7.064195272958755426e-05,7.299668448825119853e-05,7.535141624526410433e-05,7.770614800319942223e-05,8.006087976065725750e-05,8.241561151801171409e-05,8.477034327621644268e-05,8.712507503382792295e-05,8.947980679162130524e-05,9.183453854805469143e-05,9.418927490213663343e-05,9.654409993840170018e-05,9.889958857402456342e-05,1.012574856787189860e-04,1.036197287714011618e-04,1.059855882198729524e-04,1.083520543630892209e-04,3.448294622875584413e-04,9.432429670962918025e-03,1.245501491026211605e-01,7.970286994820137139e-01,2.795227556271887792e+00,5.983272309932378796e+00,9.333890708374161349e+00,1.241753205676827498e+01,1.527031289189305951e+01,1.776887653452337190e+01,1.964756152171533188e+01,2.057619048500968617e+01,2.024636977331788401e+01,1.847339362212846581e+01,1.531462774139429150e+01,1.108169396352137603e+01,6.339636632634284119e+00,2.233435865504486362e+00,2.744796893311187702e-01,6.261926990573766366e-03,1.634394375198098900e-05,-3.084698586344173819e-04,-3.061151284222560979e-04,-3.037603949009301313e-04,-3.014056418345436076e-04,-2.990507670031326425e-04,-2.966954485444276519e-04,-2.943391554714340822e-04,-2.919815640963206748e-04,-2.896230222832806640e-04,-2.872645069960239050e-04,-2.849072282785584248e-04,-2.825522170635275132e-04,-2.801998529071526921e-04,-2.778493396924243517e-04,-2.754989436432664970e-04,-2.731471883994861759e-04,-2.707937813590039411e-04,-2.684393844082597633e-04,-2.660846877990011663e-04,-2.637299568586322948e-04,-2.613752251019845754e-04,-2.590204933408203408e-04,-2.566657615865171002e-04,-2.543110298272886543e-04,-2.519562980718303589e-04,-2.496015663133443205e-04,-2.472468345544673730e-04,-2.448921027956194822e-04,-2.422937865236318201e-04,-2.362852869990211249e-04,-2.159053009412596920e-04,-1.867562722446851277e-04
0.000000000000000000e+00,1.002087464138789606e-04,2.004174928283824217e-04,3.006262392401559702e-04,4.008349856492708380e-04,5.010437320577009780e-04,6.012524784678219313e-04,7.014612248790006322e-04,8.016699712910476706e-04,9.018787177022562955e-04,1.002087464141630975e-03,1.102296210561501833e-03,1.202504956965619884e-03,1.302713703374041784e-03,1.402922449782981282e-03,1.503131196197992313e-03,1.603339942592711849e-03,1.703548688999544092e-03,1.803757435410757596e-03,1.903966181822333006e-03,2.004174928233023924e-03,2.104383674645163987e-03,2.204592421056372938e-03,2.304801167467525943e-03,2.405009913880188158e-03,2.505218660289610343e-03,2.605427406703381479e-03,2.705636153112170057e-03,2.805844899526241734e-03,2.906053645937988449e-03,3.006262392342328327e-03,3.106471138758316441e-03,3.206679885175118573e-03,3.306888631588374497e-03,3.407097377998248577e-03,3.507306124403785849e-03,3.607514870810274183e-03,3.707723646805830258e-03,3.807935382550276752e-03,3.908164384028135242e-03,4.008421473845574616e-03,4.108716479083306984e-03,4.209086197387008552e-03,4.309533552194432481e-03,4.409970742215241560e-03,4.510290181520235607e-03,4.610442053516511721e-03,4.710452113082272234e-03,2.997182740180861504e+00,9.264013065054042428e+00,1.542405681010400187e+01,2.092730201154952852e+01,2.592378284912555131e+01,3.034186201960797291e+01,3.393351511404007681e+01,3.643899583371575090e+01,3.763079570999019552e+01,3.725502439243543762e+01,3.520952099324616569e+01,3.178509886205421964e+01,2.744162803182134525e+01,2.236285086619059115e+01,1.631741616459530420e+01,9.013523142384991971e+00,2.853126115843072963e+00,3.428459695625204473e-01,5.793801360520919007e-03,5.894010106928710552e-03,3.479980331533210514e+00,1.325417000772930542e+01,2.565620885540861096e+01,3.704430283570989957e+01,4.688772823953960511e+01,5.526858140247737339e+01,6.206594921105711649e+01,6.702361711224806129e+01,6.991299173369451125e+01,7.054539008153857083e+01,6.873282312065070698e+01,6.448355920228131311e+01,5.807493883187653694e+01,4.966335505489871593e+01,3.914552270390956323e+01,2.672369975695745481e+01,1.547303235095679774e+01,6.335103066811859307e+00,9.100030186489797002e-01,-1.115881822950150551e-02,-1.112317085164443026e-02,-1.102296210522717146e-02,-1.092275335881667461e-02,-1.082254461241591824e-02,-1.072233586600964544e-02,-1.062212711960034382e-02,-1.052191837318353952e-02,-1.042170962677590497e-02,-1.032150088036138530e-02,-1.022129213396457716e-02,-1.012108338754116009e-02,-1.002087464112854341e-02
0.000000000000000000e+00,5.617356121529254310e-06,1.123471224566059383e-05,1.685206836988869671e-05,2.246942448975993654e-05,2.808678060832451963e-05,3.370413672902210786e-05,3.932149285057895681e-05,4.493884897223403448e-05,5.055620509346062867e-05,5.617356121578167752e-05,6.179091734185931072e-05,6.740827346290144146e-05,7.302562958537133094e-05,7.864298571069889274e-05,8.426034183301141028e-05,8.987769795452946512e-05,9.549505407136422736e-05,1.011124101910845937e-04,1.067297663124372399e-04,1.123471224341639224e-04,1.179644785561944796e-04,1.235818346774925091e-04,1.291991907987779620e-04,1.348165469200752055e-04,1.404339030418160232e-04,1.460512591630306234e-04,1.516686152847063348e-04,1.572859714055542849e-04,1.629033275279927325e-04,1.685206836468618511e-04,1.741380397658174619e-04,1.797553958916527962e-04,1.853727520175139074e-04,1.909901081410640418e-04,1.966074642600673845e-04,2.022248203760423067e-04,3.130014744692216078e-01,2.778857142135196412e+00,7.391960762623389414e+00,9.858496088511882860e+00,1.008568275945665427e+01,1.147478972696833743e+01,1.357027767259513773e+01,1.522728087023594057e+01,1.647673501652084838e+01,1.723023121247195277e+01,1.730916528760923612e+01,1.658998640796570356e+01,1.538294955504114903e+01,1.399605523981649391e+01,1.212798712344073948e+01,1.009120378343004809e+01,8.274946289436664770e+00,7.008110673978254823e+00,6.706401424662420396e+00,6.735978028455765987e+00,6.567959994142308133e+00,6.169367474926748862e+00,5.495212279829300606e+00,4.472539373581260413e+00,2.997141933647904377e+00,1.192540570788085397e+00,1.257410483190248285e-01,-7.501680296764007185e-04,-7.445509402465516971e-04,-7.389335848259685714e-04,-7.333162287052566886e-04,-7.276988725820838838e-04,1.081089596298335925e-01,8.905982578708534492e-01,2.315516360868848267e+00,3.661409339550183439e+00,4.683893356813365827e+00,5.383166051726577805e+00,5.793427109535733699e+00,5.954480680002491866e+00,5.858059599515931914e+00,5.448860008998071436e+00,4.675516810908813881e+00,3.482004037026803722e+00,1.909239725588858905e+00,5.787855295019689317e-01,7.672367216265506273e-02,2.552622446469456075e-02,4.334834243171836049e-03,6.737264823049939370e-05,-5.985401783674459747e-04,-6.235265294850387196e-04,-6.179091733632294074e-04,-6.122918172455428824e-04,-6.066744611196331176e-04,-6.010571050005700895e-04,-5.954397488765524743e-04,-5.898223927594611763e-04,-5.842050366356510774e-04,-5.785876805139975650e-04,-5.729703243895657846e-04,-5.673529682704181887e-04,-5.617356121489792400e-04
0.000000000000000000e+00,1.551898283685126767e-06,3.103796567370253534e-06,4.655694851068206709e-06,6.207593134798322148e-06,7.759491419181563517e-06,9.311389704796320488e-06,1.086328798934375496e-05,1.241518627098442308e-05,1.396708455403337325e-05,1.551898283963526210e-05,1.707088112417923560e-05,1.862277940574734179e-05,2.017467768837905709e-05,2.172657597276055611e-05,2.327847425609677582e-05,2.483037253896202827e-05,2.638227082294866764e-05,2.793416910667896773e-05,2.948606739020895131e-05,3.103796567368136714e-05,3.258986395741856885e-05,3.414176224149883247e-05,3.569366052499115357e-05,3.724555880870991030e-05,3.879745709238031161e-05,4.034935537618001758e-05,4.190125365951541397e-05,4.345315194347270873e-05,4.500505022715266457e-05,4.655694851089143838e-05,4.810884679453186150e-05,4.966074507797962190e-05,5.121264336220758095e-05,5.276454164532247095e-05,5.431643992924646037e-05,5.586833821270445970e-05,5.685242684191525123e-04,1.537837313360934655e-01,1.336148285665040403e+00,3.926584697773387589e+00,6.110512834849962438e+00,7.450166125807163198e+00,9.246867405521378203e+00,1.109335761744942950e+01,1.230102947425735671e+01,1.287377280808317437e+01,1.281210590444624309e+01,1.206957766284453015e+01,1.072823288262232921e+01,9.202848827318835134e+00,7.661414421671657315e+00,6.179793391161986449e+00,5.540766826999777628e+00,5.845087779374494197e+00,6.216839487112684637e+00,6.315668981225988965e+00,6.246855793715786476e+00,6.050588006947261732e+00,5.697196204774503059e+00,5.106982954943629416e+00,4.142978269707689343e+00,2.690556725981440689e+00,1.027231044818365469e+00,1.098495943724326906e-01,-1.994913862119766703e-04,-1.979394879293592461e-04,-1.963875896464104356e-04,-1.947113197466307294e-04,1.795294474712115507e-02,2.391738747149410316e-01,1.129506424081811344e+00,2.544270251146369954e+00,3.843766662302731785e+00,4.825411470226620203e+00,5.493307650641319206e+00,5.878769783528758452e+00,6.009785058532536972e+00,5.867671911034622489e+00,5.396034056157942516e+00,4.541502251100916432e+00,3.265621331629855018e+00,1.712004707388961933e+00,5.039665020575567755e-01,7.028491589239371784e-02,2.266727001561080410e-02,4.093059502510957778e-03,4.164036301693488091e-04,-1.467576201177587289e-04,-1.707088112018958776e-04,-1.691569129242089713e-04,-1.676050146412333809e-04,-1.660531163541472278e-04,-1.645012180724539775e-04,-1.629493197884927119e-04,-1.613974215046257176e-04,-1.598455232205727556e-04,-1.582936249348832175e-04,-1.565577382363129945e-04,-1.539544776244669783e-04
0.000000000000000000e+00,1.749076139354570387e-06,3.498152278709140773e-06,5.247228418053779698e-06,6.996304557418281546e-06,8.745380696808372259e-06,1.049445683641595393e-05,1.224353297723027464e-05,1.399260911870114753e-05,1.574168525676884024e-05,1.749076139460941292e-05,1.923983753589097564e-05,2.098891367621944333e-05,2.273798981482567282e-05,2.448706595262944023e-05,2.623614209137211994e-05,2.798521823027545470e-05,2.973429436941267220e-05,3.148337050839132513e-05,3.323244664792650581e-05,3.498152278726272862e-05,3.673059892645174387e-05,3.847967506587340181e-05,4.022875120509389958e-05,4.197782734465851635e-05,4.372690348396557412e-05,4.547597962321248577e-05,4.722505576288989345e-05,4.897413190188783163e-05,5.072320804104139347e-05,5.247228418078133251e-05,5.422136032014530411e-05,5.597043645953371093e-05,5.771951259844003402e-05,5.946858873820551957e-05,6.121766487828423113e-05,6.296674102807027907e-05,1.489508001631073108e-04,2.589861960942272182e-02,3.483608231526484911e-01,1.758632419136960667e+00,4.282102052851306517e+00,6.352803326499110170e+00,7.822515751987702437e+00,9.698918654479488310e+00,1.152842926164087345e+01,1.272726233939847518e+01,1.326371887028609642e+01,1.310234019429596053e+01,1.223022327120544084e+01,1.084856418079593965e+01,9.388192374102416693e+00,7.925659098193782448e+00,6.530556907090516283e+00,5.970252168996902142e+00,6.355431381184732942e+00,6.868512202025186753e+00,7.134654488766997815e+00,7.175274205748289447e+00,6.972184239048170085e+00,6.474996919601649026e+00,5.615809564867511483e+00,4.320504720618345118e+00,2.615233514411083426e+00,9.411680059686755584e-01,1.033846485929222903e-01,4.345090417438790748e-05,-1.927089064683344883e-04,-2.171151881181325731e-04,2.812188074018021067e-03,5.486945105646896109e-02,3.883125881710215999e-01,1.370667632681358272e+00,2.785301785759337623e+00,4.083273553140502443e+00,5.106635264279667297e+00,5.849606378253238148e+00,6.308319401400408033e+00,6.466506230074303474e+00,6.274924663240365241e+00,5.672794973917459238e+00,4.628628939893717487e+00,3.175396245505563542e+00,1.579371782600198504e+00,4.489982885329138473e-01,6.434766027950387934e-02,1.973488184908789994e-02,3.462617469563940113e-03,3.019516329858915765e-04,-1.711458008642009808e-04,-1.906492991878644893e-04,-1.889002230505432698e-04,-1.871511469105860837e-04,-1.854020707728630047e-04,-1.836529946335578036e-04,-1.819039184923579864e-04,-1.801548423538703279e-04,-1.784057662142595174e-04,-1.766566900741700587e-04,-1.749076139293279997e-04
0.000000000000000000e+00,1.893424436622659574e-03,5.628788669861098902e-03,1.378480841497626078e-02,2.009888836347238639e-02,2.180811882043221656e-02,2.351734927740044973e-02,2.522657973436521345e-02,2.693581019132728835e-02,2.864504064829018551e-02,3.035427110525119529e-02,3.206350156220996728e-02,3.377273201916265039e-02,3.548196247611868498e-02,3.719119293308169316e-02,3.890042339004291111e-02,4.060965384700342823e-02,4.231888430396447964e-02,4.402811476092475390e-02,4.573734521788475060e-02,4.744657567484344973e-02,4.915580613180447339e-02,5.086503658876780076e-02,5.257426704572712439e-02,5.428349750268032792e-02,5.599272795963423921e-02,5.770195841659793434e-02,5.941118887489468814e-02,7.548360496055034341e-02,3.003549233153666176e-01,1.702382109657443410e+00,6.481158291571835761e+00,1.619333548195024264e+01,2.730550540394079206e+01,3.616418797400988439e+01,4.282928634059314987e+01,4.733608941761077205e+01,4.958764689128445013e+01,4.914985990344394651e+01,4.538977090449694884e+01,3.798262858397914243e+01,2.696952272015159835e+01,1.436311402397551973e+01,7.333546326411108929e+00,5.494865072258366290e+00,3.271205209852276141e+00,1.056835321404336669e+00,-1.021108924330543233e-01,-2.438357698152815167e-01,-2.287503778102818464e-01,-1.230405337171123631e-01,3.253801923287313325e-01,1.425341539501041588e+00,3.034625781163879932e+00,4.689406968976038037e+00,6.213711935919619123e+00,7.612305550369312002e+00,8.811652233443446391e+00,9.673553956251174313e+00,1.003474384470539960e+01,9.751320253279446959e+00,8.751076408548968288e+00,7.083874341622450999e+00,4.926663622891013894e+00,2.610315489545833145e+00,7.378558634046590292e-01,-9.901972566119096597e-02,-2.095895612811168318e-01,-2.105109031013261689e-01,-2.089379928208474069e-01,-2.072287604558748775e-01,-2.055195055608444732e-01,-2.038101207039363927e-01,-2.021003370966245605e-01,-2.003898755976714907e-01,-1.986787905677066812e-01,-1.969675551756092657e-01,-1.952567872574771657e-01,-1.935469628671808162e-01,-1.918382931418328718e-01,-1.901306521231246049e-01,-1.884235306177391711e-01,-1.867162008514356986e-01,-1.850081490064137413e-01,-1.832993968580882704e-01,-1.815902864234614500e-01,-1.798810737179437069e-01,-1.781718446174788695e-01,-1.764626141895332123e-01,-1.747533837324961037e-01,-1.730441532754427025e-01,-1.713349228183884965e-01,-1.696256923613459755e-01,-1.679164619042941842e-01,-1.662072314472535783e-01,-1.644980009902095031e-01,-1.627887502344728121e-01,-1.612633077826475247e-01,-1.615771865927818629e-01,-1.663050020426650177e-01
0.000000000000000000e+00,5.706433428713171584e-05,1.141286685760270763e-04,1.711930028667377570e-04,2.282573371559283863e-04,2.853216714408319719e-04,3.423860057243104278e-04,3.994503400099310504e-04,4.565146742970537267e-04,5.135790085844315700e-04,5.706433428722675972e-04,6.277076771761781141e-04,6.847720114722707745e-04,7.418363457527298900e-04,7.989006800347520998e-04,8.559650143144635496e-04,9.130293486025499190e-04,9.700936828933242424e-04,1.027158017181353149e-03,1.084222351467427348e-03,1.141286685754915780e-03,1.198351020041950364e-03,1.255415354329246676e-03,1.312479688616443024e-03,1.369544022904530802e-03,1.426608357191279375e-03,1.483672691478841099e-03,1.540737025766065419e-03,1.597801360052276227e-03,1.654865694339383020e-03,1.711930028623681295e-03,1.768994362906945242e-03,1.826058697194890123e-03,1.883123031486808822e-03,1.940187365774967291e-03,1.997251700061406648e-03,2.054316034344568463e-03,5.751761342923822351e-03,1.074460496840488499e+00,4.231664314100967772e+00,7.166163254261221915e+00,7.913583367384211087e+00,8.312578351960361545e+00,9.447770992858350425e+00,1.034490589815344208e+01,1.055616398903195474e+01,1.029134243534574544e+01,9.727289143541247185e+00,8.969842472222307350e+00,1.032951173963263791e+01,1.463019328969065924e+01,1.939821046026600371e+01,2.385486036444670788e+01,2.835605004281727304e+01,3.253616039826156481e+01,3.571536421517327398e+01,3.767022120063286650e+01,3.833923918701162137e+01,3.753678857541320468e+01,3.510793407546298539e+01,3.110993332364246911e+01,2.566480257062513815e+01,1.896555743528605831e+01,1.222016275973522426e+01,6.357940904575592356e+00,2.086946658244729136e+00,2.759791201034316743e-01,-4.924132416240180679e-03,-4.867068081953246708e-03,7.832865951203066279e-01,4.259277479652185505e+00,1.028252654136970357e+01,1.651238030971587989e+01,2.161957703508167583e+01,2.535775312268865989e+01,2.778555671069196720e+01,2.906418569555069809e+01,2.934415548781517558e+01,2.863171540554303007e+01,2.679849382371368449e+01,2.365870057121244940e+01,1.906692781351241450e+01,1.356458228790862997e+01,8.224787741797777940e+00,3.439232670188419050e+00,5.812279785243001928e-01,-1.476349800186937608e-03,-5.761385441462488904e-03,-6.306386986122293828e-03,-6.277076771569837024e-03,-6.220012437286726384e-03,-6.162948103009207625e-03,-6.105883768717946386e-03,-6.048819434438718057e-03,-5.991755100145768065e-03,-5.934690765861946188e-03,-5.877626431568506137e-03,-5.820562097285563764e-03,-5.763497762999419960e-03,-5.706433428709145779e-03
0.000000000000000000e+00,2.527949461804108555e-04,5.055898923611155298e-04,7.583848385437456929e-04,1.011179784727281273e-03,1.263974730910081114e-03,1.516769677091042798e-03,1.769564623270522162e-03,2.022359569447932433e-03,2.275154515626189033e-03,2.527949461808226463e-03,2.780744407995291122e-03,3.033539354189369701e-03,3.286334300373277163e-03,3.539129246546754166e-03,3.791924192722050026e-03,4.044719138894726888e-03,4.297514085076827202e-03,4.550309031260309223e-03,4.803103977441332273e-03,5.055898923621453267e-03,5.308693869802302845e-03,5.561488815982396083e-03,5.814283762163068719e-03,6.067078708343168897e-03,6.319873654523505864e-03,6.572668600703809004e-03,6.825463546884850269e-03,7.078258493066212458e-03,7.331053439246486107e-03,7.583848385425308661e-03,7.836643331602720017e-03,8.089438277777546635e-03,8.342233223960951460e-03,8.595028170145594879e-03,8.847823116328742965e-03,9.100618062508404257e-03,1.055643120830957599e-02,3.711266730721569651e-01,3.295215125713347515e+00,1.042297467354867813e+01,1.769979976413992162e+01,2.177230753129639496e+01,2.550704510266583824e+01,3.025503944561465275e+01,3.398688774035368709e+01,3.579450674935726084e+01,3.588540851564594192e+01,3.437048401464598868e+01,3.178057193201325958e+01,3.073261821065581856e+01,3.204275948292557530e+01,3.374682999089419866e+01,3.623211226604273349e+01,4.050554413430642597e+01,4.521140369444235318e+01,4.861752247784661307e+01,5.036480670730799858e+01,5.050384148394970651e+01,4.885108441074967089e+01,4.516862283673532374e+01,3.930040335507154481e+01,3.113648810371789466e+01,2.127107408337497318e+01,1.221388284987838624e+01,5.723770026488847584e+00,1.771237290510557560e+00,2.154754702229034480e-01,-1.840518828848087401e-02,1.343675982783345269e-01,1.643900800053898603e+00,6.767695761298431201e+00,1.521806134650715592e+01,2.395615166756254411e+01,3.106421742849742884e+01,3.618310754155525188e+01,3.942814628872790905e+01,4.101645099860974852e+01,4.107493225135071668e+01,3.950528521012275718e+01,3.606031077064084656e+01,3.047272812459436864e+01,2.284904794419153973e+01,1.466760664081097332e+01,7.907134150055965094e+00,3.026007939193374519e+00,4.860572562513104100e-01,-1.981919170895369772e-02,-2.700916287126545537e-02,-2.776306307224011422e-02,-2.755464913364849902e-02,-2.730185418747544876e-02,-2.704905924130512895e-02,-2.679626429512269037e-02,-2.654346934894392246e-02,-2.629067440276598375e-02,-2.603787945658178268e-02,-2.578508451039754693e-02,-2.553207491106583918e-02,-2.527790005182867922e-02
0.000000000000000000e+00,6.816543065690514654e-04,1.363308613138108569e-03,2.044962919707358009e-03,2.726617226276881537e-03,3.408271532847596385e-03,4.089925839418835987e-03,4.771580145989857448e-03,5.453234452558896120e-03,6.134888759125501842e-03,6.816543065691702506e-03,7.498197372260618880e-03,8.179851678832724543e-03,8.861505985409795852e-03,9.543160291982042895e-03,1.022481459855006242e-02,1.090646890511703937e-02,1.158812321168203700e-02,1.226977751825029592e-02,1.295143182482107712e-02,1.363308613139059891e-02,1.431474043795945630e-02,1.499639474452818880e-02,1.567804905109795865e-02,1.635970335766680217e-02,1.704135766423547568e-02,1.772301197080543636e-02,1.840466627737331190e-02,1.908632058394379993e-02,1.976797489051106485e-02,2.044962919707975224e-02,2.113128350364889066e-02,2.181293781021463596e-02,2.249459211678175863e-02,2.317624642334960294e-02,2.385790072992260286e-02,2.453955503650181308e-02,2.522120934367454159e-02,2.590286365870839505e-02,2.658451802095820535e-02,2.726617256296643907e-02,2.794782758762680286e-02,2.862948303401940259e-02,2.931113723525910486e-02,2.999279015808913040e-02,3.067444379561080556e-02,3.135609810217734189e-02,3.207160516742676992e-02,4.131134813944202511e-02,2.458720386811416025e-01,1.961658585705127189e+00,8.362366868127415032e+00,1.994019097147920405e+01,3.291835313619557724e+01,4.420265547572872578e+01,5.292419922951351907e+01,5.913753135516360970e+01,6.302462448315958454e+01,6.478777201409729969e+01,6.442782119271480212e+01,6.167221372279417579e+01,5.617511001919383062e+01,4.765395903907111830e+01,3.609967184986371080e+01,2.297382872886216987e+01,1.196625857052779018e+01,5.080150060128371337e+00,1.441085196948667546e+00,1.058364827928372082e-01,-8.861505985397295782e-02,-8.793340554739798032e-02,-8.725175124082920619e-02,-8.657009693427339392e-02,-8.588844262770857496e-02,-8.520678832113325052e-02,-8.452513401456404618e-02,-8.384347970799740923e-02,-8.316182540142823265e-02,-8.248017109485973608e-02,-8.179851678829390405e-02,-8.111686248171913471e-02,-8.043520817514963894e-02,-7.975355386858251627e-02,-7.907189956201042536e-02,-7.839024525544126265e-02,-7.770859094885584906e-02,-7.702693664225002124e-02,-7.634528233567859645e-02,-7.566362802914342045e-02,-7.498197372258781634e-02,-7.430031941602210921e-02,-7.361866510945276609e-02,-7.293701080289013983e-02,-7.225535649632375268e-02,-7.157370218975211973e-02,-7.089204788318345662e-02,-7.021039357661684743e-02,-6.952873927004780963e-02,-6.884704923675460941e-02,-6.816498662480502402e-02
0.000000000000000000e+00,1.301422354095160097e-05,2.602844708530325995e-05,3.904267063213217351e-05,5.205689417246267401e-05,6.507111770821546288e-05,7.808534124648343138e-05,9.109956478697927272e-05,1.041137883276128077e-04,1.171280118686392034e-04,1.301422354096655042e-04,1.431564589574265843e-04,1.561706825039650096e-04,1.691849060477748775e-04,1.821991295989559107e-04,1.952133531563865021e-04,2.082275767007274122e-04,2.212418002181136469e-04,2.342560237423437994e-04,2.472702472792045005e-04,2.602844708190625057e-04,2.732986943598150319e-04,2.863129179006283277e-04,2.993271414419123840e-04,3.123413649838441969e-04,3.253555885232954636e-04,3.383698120640337326e-04,3.513840356060055525e-04,3.643982591459572870e-04,3.774124826870330139e-04,3.904267062296986148e-04,4.034409297692362925e-04,4.164551533136231728e-04,4.294693768642721338e-04,4.424836004141376503e-04,4.554978239561503447e-04,4.685120474867691042e-04,4.340241542703560107e-01,3.025022755647829520e+00,8.781194642056938449e+00,1.460989523112450250e+01,1.763381603599907876e+01,1.979851955672443609e+01,2.318138817652599570e+01,2.725882377685472235e+01,3.124458614922950161e+01,3.465365288388699838e+01,3.685010366752624122e+01,3.721812288916221689e+01,3.541950574670104146e+01,3.154993410323060843e+01,2.593691498208859159e+01,1.910708243202644852e+01,1.173365158956115906e+01,5.196889111539922723e+00,1.341596273332501532e+00,1.385471777106745683e-01,-1.046690634387885887e-04,-9.511188262873609446e-05,-8.300959056679543552e-05,-7.145788396326996318e-05,-5.993767516106094192e-05,-4.799567472874357725e-05,-3.550433116567720809e-05,-2.264858148427497024e-05,-9.661416667957372487e-06,3.350542881417602443e-06,1.636469880631696513e-05,2.937892216749416632e-05,1.812179458671868471e+00,6.846086537996191268e+00,1.339865075859403731e+01,1.975980122948065798e+01,2.559357393940803505e+01,3.101268878731026390e+01,3.593792366730188803e+01,4.003957162541263415e+01,4.290658354517791651e+01,4.421147690866951763e+01,4.377048767780103589e+01,4.164073330873952727e+01,3.822778629804073347e+01,3.402129138514122531e+01,2.920163167800554405e+01,2.352068633472540071e+01,1.661860226253797634e+01,8.461600470743054103e+00,2.276169090117927229e+00,2.289302736039739439e-01,-1.416099556417378192e-03,-1.418550365967880976e-03,-1.405536142422439492e-03,-1.392521918881610421e-03,-1.379507695341153665e-03,-1.366493471794716667e-03,-1.353479248261763458e-03,-1.340465024721692894e-03,-1.327450801172724935e-03,-1.314436577638443794e-03,-1.301422354092547596e-03
0.000000000000000000e+00,2.192221126632275794e-04,4.384442253264768429e-04,6.576663379899300990e-04,8.768884506540162039e-04,1.096110563317974698e-03,1.315332675981327774e-03,1.534554788644710557e-03,1.753776901308983904e-03,1.972999013972169795e-03,2.192221126634512178e-03,2.411443239299736370e-03,2.630665351966537859e-03,2.849887464631815394e-03,3.069109577292998114e-03,3.288331689952361542e-03,3.507553802613349973e-03,3.726775915275531894e-03,3.945998027939022663e-03,4.165220140603165255e-03,4.384442253266978250e-03,4.603664365929634184e-03,4.822886478593080284e-03,5.042108591256109183e-03,5.261330703919832839e-03,5.480552816582444538e-03,5.699774929245919261e-03,5.918997041909367096e-03,6.138219154571928488e-03,6.357441267235220198e-03,6.576663379899214470e-03,6.795885492562499242e-03,7.015107605225246248e-03,7.234329717887922132e-03,7.453551830552171409e-03,7.672773943216792784e-03,7.891996055881344771e-03,8.260606758295973087e-03,5.406225811326234587e-02,6.468969379199890346e-01,3.416354618507670082e+00,9.052493057033212054e+00,1.468403435086386644e+01,1.841403614319214199e+01,2.207748328852684594e+01,2.622632964080534634e+01,2.940753439870823627e+01,3.099135042692119413e+01,3.102903410300143960e+01,2.949274454241500010e+01,2.627879268231995624e+01,2.130252373297397384e+01,1.472667947631213003e+01,7.726959654456210913e+00,2.568934285887158886e+00,3.767241937985785771e-01,-1.707304798914997118e-02,-1.685382587648721203e-02,-1.663460376382447717e-02,-1.641538165116147863e-02,-1.619615953849924683e-02,-1.597693742312716880e-02,-1.575771526634087150e-02,-1.553849290050728083e-02,-1.531927022124571040e-02,-1.510004785704931532e-02,-1.488082621024410142e-02,-1.466160459638891737e-02,-1.444232274204628082e-02,2.530665366049783126e-04,2.214228492455873054e-01,1.493667646768661816e+00,5.044839009091467652e+00,1.052869655157214446e+01,1.610939604379642276e+01,2.063814389861999743e+01,2.390599382147384588e+01,2.597310344618075462e+01,2.692721092798599969e+01,2.677556005233384084e+01,2.539974646377496725e+01,2.263187100752857006e+01,1.837841386193885995e+01,1.297881913679956511e+01,7.680384486959651369e+00,3.761171396555333946e+00,1.329480224220999762e+00,2.010205847186121164e-01,-1.889319191826746569e-02,-2.345368029087813513e-02,-2.386786295442715547e-02,-2.367598816762396530e-02,-2.345676605496372150e-02,-2.323754394229958845e-02,-2.301832182963775217e-02,-2.279909971697275523e-02,-2.257987760430854932e-02,-2.236065549164531832e-02,-2.214143335457828543e-02,-2.192221096303716144e-02
0.000000000000000000e+00,1.597957848861770997e-05,3.195915697723541993e-05,4.793873546795196912e-05,6.391831396033997859e-05,7.989789244902614914e-05,9.587747093411137257e-05,1.118570494206086067e-04,1.278366279089416797e-04,1.438162063977067666e-04,1.597957848863718088e-04,1.757753633749710128e-04,1.917549418679914848e-04,2.077345203600718452e-04,2.237140988509460848e-04,2.396936773454977213e-04,2.556732558447282052e-04,2.716528343364189033e-04,2.876324128113585694e-04,3.036119912879822183e-04,3.195915697733063185e-04,3.355711482610077489e-04,3.515507267500003557e-04,3.675303052384783459e-04,3.835098837264741913e-04,3.994894622155926197e-04,4.154690407045606693e-04,4.314486191927598569e-04,4.474281976818867421e-04,4.634077761711414005e-04,4.793873546586206779e-04,4.953669331472698636e-04,5.113465116351392911e-04,5.273260901273259032e-04,5.433056686213601043e-04,5.592852471160241184e-04,5.752648256041868226e-04,5.912444040884265581e-04,2.715713664808485084e-01,1.913533668852698488e+00,5.640449542399273319e+00,9.550864293320467269e+00,1.167752809211988207e+01,1.312878374405014448e+01,1.533121741084625356e+01,1.803371612744556884e+01,2.069857387797812720e+01,2.299331043291555687e+01,2.450262758028185672e+01,2.481302562104987430e+01,2.368811736197251250e+01,2.117617940416966960e+01,1.748972565814631608e+01,1.297311316692121963e+01,8.070848046358545247e+00,3.674753705422643346e+00,1.002389676046973932e+00,1.153970021790807210e-01,-1.383506554097165724e-04,-1.252113481659450670e-04,-1.098118762757209260e-04,-9.479132994582872309e-05,-7.981044365208831619e-05,-6.456258462952047721e-05,-4.895025607422026339e-05,-3.308684459192614945e-05,-1.712815144366798279e-05,-1.150403853604802838e-06,1.482911843673962112e-05,3.080869677869501792e-05,1.132632452566690207e+00,4.373213863497303677e+00,8.707153923205657620e+00,1.296448375094475836e+01,1.687142889260803003e+01,2.049686957049590674e+01,2.379756102780024918e+01,2.656181105655164743e+01,2.851706823729485762e+01,2.944123626793544091e+01,2.920669960750380767e+01,2.784258054686084805e+01,2.560681801751479725e+01,2.282548286862082421e+01,1.963193873780614851e+01,1.587542431345205785e+01,1.131705233558547796e+01,5.920483041266738411e+00,1.704321844726880641e+00,1.902084033493972592e-01,-1.728886527686822197e-03,-1.725794476772261540e-03,-1.709814898282037334e-03,-1.693835319794288145e-03,-1.677855741306570614e-03,-1.661876162818110188e-03,-1.645896584326283314e-03,-1.629917005841384058e-03,-1.613937427348873703e-03,-1.597957848864659663e-03
