0,0,0,0,0,0,0,0,0,0,0,0,0,0,0,0,0,0,0,0,0,0,0,0,0,0,0,0,0,0,0,0,0,0,0,0,0,0,0,0,0,0,0,0,0,0,0,0,0,0,0,0.7034127542232145,3.601129362231062,7.921014116802415,12.32834758691936,17.08154598028235,15.9439511663276,12.69098879395152,17.02151289166943,22.17670895166512,23.55440053309425,27.67166036597178,33.60077605642604,34.19646167948832,29.257623347834,25.10345493228674,24.66885203641505,23.15493981999839,21.45859920020456,20.13104860616932,18.75276789234456,21.50237165202421,25.10446813919444,25.8459728792474,22.15589993077501,18.59031859539976,18.31481564297755,16.65061387823147,13.38274653994733,8.714022335571144,3.097964617312527,0.1093196023596192,0,0,0,0,0,0,0,0,0,0,0,0,0,0,0,0,0,0
0,0,0,0,0,0,0,0,0,0,0,0,0,0,0,0,0,0,0,0,0,0,0,0,0,0,0,0,0,0,0,0,0,0,0,0,0,0,0,0,0,0,0,0,0,0,0,0,0,0,0,0.7034127542232145,4.038850914201165,7.440211800705791,12.39872614507535,14.76834494884663,14.2975195484325,19.08513874183494,23.50276151144408,31.38630270645567,36.57954587448518,38.77469299375559,39.58444273595279,34.93035874506609,27.61155194647239,25.07352251333623,23.05385609056827,25.64222205481991,29.11341197453061,39.95345904926666,45.54643175841528,49.68435968645093,51.56609083576996,56.81085650942055,58.8918016159015,55.43641811557836,48.94384101767025,39.85181154955262,27.76870645275358,16.39083551489489,9.059030630445363,4.916047216230822,1.848842759823583,0,0,0,0,0,0,0,0,0,0,0,0,0,0,0,0,0
0,0,0,0,0,0,0,0,0,0,0,0,0,0,0,0,0,0,0,0,0,0,0,0,0,0,0,0,0,0,0,0,0,0,0,0,0,0,0,0,0,0,0,0,0,0,0,0,0,0,2.356785087666209e-69,5.35180454613263e-47,3.2541402790104e-08,2.595639147589484,7.569571396312622,11.78966412410919,15.41062133437974,22.71671813823847,34.47432476550902,46.57918914969068,56.02518166906883,59.36335030840094,54.49271580741356,48.20607312241347,44.68325784161499,42.68860911842722,45.97466784865696,52.82071231597223,57.97671950774742,58.68548489427968,57.35749524923369,53.64056519093532,45.22009593372354,38.4140135603227,33.32297229909801,26.83950348905472,19.42055895873438,12.49290665827431,9.438906896378001,8.739322740515547,7.676956727271602,5.809850307090471,3.138003479954875,0.8004474823242163,0,0,0,0,0,0,0,0,0,0,0,0,0,0,0,0
0,0,0,0,0,0,0,0,0,0,0,0,0,0,0,0,0,0,0,0,0,0,0,0,0,0,0,0,0,0,0,0,0,0,0,0,0,0,0,0,0,0,0,0,0,0,0,0,0,0,1.124412785530136,6.468985018252586,12.89053746070628,19.06430367402786,26.06682335644398,32.84599157021551,40.01615739120184,44.84893973788779,33.6443008085803,22.47112813840235,33.75125501831749,46.66900538841577,47.68493527189969,44.94546750421421,44.22197355771479,40.5710432957635,31.63722114932983,25.16493012368824,24.44438267607705,25.8024545828552,26.67499887128582,24.8827019307912,23.80228142270096,27.42616411409762,28.31270193266676,23.01039576364434,20.16560129584775,18.2641472040861,13.37564456040155,6.742089930494558,1.364520418132599,0,0,0,0,0,0,0,0,0,0,0,0,0,0,0,0,0,0,0
0,0,0,0,0,0,0,0,0,0,0,0,0,0,0,0,0,0,0,0,0,0,0,0,0,0,0,0,0,0,0,0,0,0,0,0,0,0,0,0,0,0,0,0,0,0,0,0,0,0,0,0,0,0.3701556705557921,1.734031201365417,3.613470959631434,5.730601954131209,8.274894795683718,11.20554301525029,19.56510098626163,31.02360529736274,42.17940566412864,44.64723576661649,41.71400975363204,39.35256475469649,36.37504523605051,29.20615353817874,29.90358904997981,31.01784632690169,34.40683327355072,35.46184363227155,37.34530257645179,38.34179835897123,29.5481433799232,28.23330259170871,29.86766977663126,27.66176747963095,25.17122375284862,21.16445436713411,16.06077794301552,9.199113408791391,5.666752647889552,3.844487910562748,3.215323247359834,0,0,0,0,0,0,0,0,0,0,0,0,0,0,0,0
0,0,0,0,0,0,0,0,0,0,0,0,0,0,0,0,0,0,0,0,0,0,0,0,0,0,0,0,0,0,0,0,0,0,0,0,0,0,0,0,0,0,0,0,0,0,0,0,0,0,0,0,0.7034127542232145,2.897716608007848,5.132291488253718,10.99888558265678,14.52057102126506,12.25727477908745,22.02318261700221,32.98707011221572,43.47692727594722,50.44316627411354,50.21977819340054,51.76256114415531,52.76700304117298,48.93969672606806,49.38851969202506,48.70342648785493,55.06986987379537,57.35065296539756,61.12185426554208,61.03305224200778,64.5725854231282,62.28513453203811,59.14665000414766,54.67254743495198,43.33801209614955,29.98532337011716,19.46585842572335,12.2684692367045,5.2547034520951,1.884434197535484,0.06057132232581353,0,0,0,0,0,0,0,0,0,0,0,0,0,0,0,0,0
0,0,0,0,0,0,0,0,0,0,0,0,0,0,0,0,0,0,0,0,0,0,0,0,0,0,0,0,0,0,0,0,0,0,0,0,0,0,0,0,0,0,0,0,0,0,0,0,0,0,0,0,7.962970709705563e-18,1.141134306193317,2.720675919766212,6.00868998153517,12.3179704386437,20.39456939348677,30.81935638006014,39.22660361689189,47.76618255848666,54.39723287972515,56.3449586607359,55.39428837554311,51.25692149819372,45.88722658158446,42.3083989549641,36.58713078720433,38.84284654976886,42.58716471649382,50.12775324228073,50.99656993413214,54.33135537062674,58.86524378595652,62.52791645893137,61.2533384041169,55.20843335885002,46.96098050654598,35.79912438215956,26.84863025215191,17.24677406176374,6.804868629938483,2.766988522814927,0.3209730994349229,0,0,0,0,0,0,0,0,0,0,0,0,0,0,0,0
0,0,0,0,0,0,0,0,0,0,0,0,0,0,0,0,0,0,0,0,0,0,0,0,0,0,0,0,0,0,0,0,0,0,0,0,0,0,0,0,0,0,0,0,0,0,0,0,0,0,0,0,0,0.412755607314137,2.588423356388892,5.427609052870827,9.060836568297999,12.46465787170644,24.01417541899217,35.34317300131106,43.87401872334071,49.56587913446157,52.5836569562498,54.83069699526828,52.60634446969141,55.28366568907853,52.0738566322317,50.99217417483169,54.30715469770007,56.02101675753761,52.89998158393144,52.68392012399568,53.89199491941895,53.77033223832245,50.53768360343088,45.15249665282215,41.64877762951312,37.79982234403224,31.6343447891154,24.38743785882821,18.41684963493753,10.96632525295627,4.933077431963284,2.376119684172181,0.1849411990328917,0,0,0,0,0,0,0,0,0,0,0,0,0,0,0
0,0,0,0,0,0,0,0,0,0,0,0,0,0,0,0,0,0,0,0,0,0,0,0,0,0,0,0,0,0,0,0,0,0,0,0,0,0,0,0,0,0,0,0,0,0,0,0,0,0,0,0,0,2.881910468287042e-25,2.664062024814736,7.247675421217246,17.58643567378034,28.74137207887953,26.51751695175569,36.15235610167996,45.50989837597623,49.45389671787404,47.78206138673147,46.97630500075576,46.65524493032007,47.65030208855984,40.55999312228647,44.69631743530852,44.48997059160581,50.56670962122269,54.59322107965727,56.91897175848032,56.25447210096081,60.5410288641981,58.07748806659424,58.81342968326067,59.67886820077649,49.03185908226817,36.41335830882736,27.36352492277911,22.81000809698662,13.31937950544989,5.372975898794721,0.06057132232581353,0,0,0,0,0,0,0,0,0,0,0,0,0,0,0,0
0,0,0,0,0,0,0,0,0,0,0,0,0,0,0,0,0,0,0,0,0,0,0,0,0,0,0,0,0,0,0,0,0,0,0,0,0,0,0,0,0,0,0,0,0,0,0,0,0,0,0,0,0,0.7034127542232145,2.57040684451132,5.978022256234811,16.90438252455833,29.44230988342101,41.1507932219225,62.67172602716576,78.73753971710627,84.73096856810861,89.88222013804955,85.23361445097052,71.92770522875668,53.60171409605937,49.85290522952613,51.50352939348943,46.94984207810467,44.14984265377302,49.45637660933738,55.69732335211273,58.90501488713954,58.97511395439523,59.20277667023208,61.04664106264579,61.42179316947204,54.98273693459896,41.13290552114336,26.49057028018103,18.01546619360909,12.35471609851948,6.659829330638672,2.048780443752662,0,0,0,0,0,0,0,0,0,0,0,0,0,0,0,0
0,0,0,0,0,0,0,0,0,0,0,0,0,0,0,0,0,0,0,0,0,0,0,0,0,0,0,0,0,0,0,0,0,0,0,0,0,0,0,0,0,0,0,0,0,0,0,0,0,0,0,3.943016242227254e-82,0.412755607314137,2.588423356388892,5.777350281008961,12.35165037358668,19.90275058277114,32.35790453150189,39.87622069233802,46.9615512924091,52.77243851479088,54.38635593433159,55.88407513095501,49.26503431114435,52.83481525824726,56.59200679062752,60.15860044422027,59.69394762122226,61.97581887192962,61.50158362270759,58.98229317396738,56.85221176597497,55.50337236953362,53.32763196151518,51.83470729298415,49.46443291670312,46.70213687930209,41.1441228314925,33.89813819056417,25.99712229495776,18.18270686225219,13.59367522636603,7.995622768514977,3.116814955350719,1.079258250022576,0,0,0,0,0,0,0,0,0,0,0,0,0,0,0
0,0,0,0,0,0,0,0,0,0,0,0,0,0,0,0,0,0,0,0,0,0,0,0,0,0,0,0,0,0,0,0,0,0,0,0,0,0,0,0,0,0,0,0,0,0,0,0,0,0,0,0.6590524951505289,1.930016947275787,3.261547665080826,7.342305536260122,13.48031339151929,20.44735195097299,29.39541687095148,41.6995608095034,26.78955605655679,31.70993704469399,40.55151527432241,43.88507179517947,41.17776444744754,47.22641588845937,51.81028025818404,51.54584851876712,40.09348333171147,40.53020298154343,39.63612768984103,43.40540802281987,41.3078668782606,37.11340930479537,38.31921809021287,43.28588079339386,40.54256838263177,39.50588781618467,38.64773074908976,31.85152163760097,23.06431431622718,15.95468999265029,10.44142228476437,3.675932457239469,0,0,0,0,0,0,0,0,0,0,0,0,0,0,0,0,0
0,0,0,0,0,0,0,0,0,0,0,0,0,0,0,0,0,0,0,0,0,0,0,0,0,0,0,0,0,0,0,0,0,0,0,0,0,0,0,0,0,0,0,0,0,0,0,0,0,0,0,2.564646247489914e-57,1.698933921859903e-25,0.8591222541667878,4.664413054108728,12.53302035202994,23.7008717324852,39.20247940361553,51.15057873889958,55.66156462770408,60.6049404224117,65.34264247925059,66.90343457527101,64.69661089700253,56.69572709767777,40.39189231233257,27.99484297836591,24.60800593943088,23.56828895116246,25.93018205730027,30.10733342224751,33.75139410286829,34.06436144045432,33.99227730215506,36.75094764450819,38.27271777860955,37.11818916998828,36.26942715011683,31.03547284000024,19.28188245670736,10.24581569082113,5.18217095500529,1.437377671938521,0.06720536204500149,0,0,0,0,0,0,0,0,0,0,0,0,0,0,0,0
0,0,0,0,0,0,0,0,0,0,0,0,0,0,0,0,0,0,0,0,0,0,0,0,0,0,0,0,0,0,0,0,0,0,0,0,0,0,0,0,0,0,0,0,0,0,0,0,0,0,0,3.103630442598168e-84,1.070341361927267e-77,7.691130759153454e-71,0.3505853789839175,4.287286818168475,15.76715880672704,32.13836013040646,49.10445633633649,66.83191309371615,88.54966211417377,110.9587437284271,103.7747611298902,84.8509554457824,65.07660870718172,62.91727572465203,60.36178252897253,59.21909164802599,59.37522477038993,56.96918569611495,49.31632699362143,41.62929173153611,35.98461230202793,30.04834075393876,20.91247270826807,16.84610290589876,18.82521786104905,20.7474936568334,23.0508100598006,24.21364010184402,22.27550847346618,15.76685858787857,6.20163531487367,0,0,0,0,0,0,0,0,0,0,0,0,0,0,0,0,0
0,0,0,0,0,0,0,0,0,0,0,0,0,0,0,0,0,0,0,0,0,0,0,0,0,0,0,0,0,0,0,0,0,0,0,0,0,0,0,0,0,0,0,0,0,0,0,0,0,0,0,0.412755607314137,2.349614165186338,5.27694258885655,12.13536208564888,20.81049155220624,34.68956372856348,56.50693342703497,88.90289370524044,108.0369424862214,106.4248161475575,99.16779030562623,93.0435780571475,75.4911146525564,90.0345004745281,95.21006222923074,90.89789874024171,86.32203667754726,88.27626810318708,89.02568454408248,86.49670129387073,78.89295532787071,70.42171110982758,56.3924572715074,47.20283990735402,47.9292511076053,49.65162774908833,37.30120418168633,22.00686194765967,18.13317309356296,10.68638879475361,1.170368785890219,0,0,0,0,0,0,0,0,0,0,0,0,0,0,0,0,0,0
0,0,0,0,0,0,0,0,0,0,0,0,0,0,0,0,0,0,0,0,0,0,0,0,0,0,0,0,0,0,0,0,0,0,0,0,0,0,0,0,0,0,0,0,0,0,0,0,0,0,0,5.382119366446764e-21,2.318583356804163,8.094289026657695,13.94489473996568,24.84583906018249,37.19570089228045,49.8102484371322,62.39809229334392,90.06551216025906,91.1299984955258,76.7235207696865,88.46903558775495,109.7716522707729,124.9257351793842,142.4799763817544,163.6179537688669,179.3992594976892,174.1599756798686,163.6975007092228,143.7450682514311,125.7891811219771,102.6218910929191,77.99331383492301,57.48139363427788,47.69535389228679,33.14690841928962,20.07567748476322,27.35269679130147,12.51290362312193,0,0,0,0,0,0,0,0,0,0,0,0,0,0,0,0,0,0,0,0
0,0,0,0,0,0,0,0,0,0,0,0,0,0,0,0,0,0,0,0,0,0,0,0,0,0,0,0,0,0,0,0,0,0,0,0,0,0,0,0,0,0,0,0,0,0,0,0,0,0,0,0,0,0.2732466810614371,2.673570987415293,10.70758203245013,21.83632794216965,25.70432527103625,31.88494624470312,41.46505982314568,39.57949266144217,34.73779643210696,51.95886131677645,59.33018559319538,52.7691491801109,49.13377984011061,45.80378663055961,41.28209599855916,36.76916167615423,32.90100698449498,35.20742860659345,36.46115285126177,36.88284275069816,39.78927245369709,40.00895312690955,38.98551852374646,35.31672801255741,30.4675202473195,24.42083470150533,16.53434733559584,9.456147468367249,3.321103325227,0.02795690017330799,0,0,0,0,0,0,0,0,0,0,0,0,0,0,0,0,0
0,0,0,0,0,0,0,0,0,0,0,0,0,0,0,0,0,0,0,0,0,0,0,0,0,0,0,0,0,0,0,0,0,0,0,0,0,0,0,0,0,0,0,0,0,0,0,0,0,0,0,0,0,0.7778687745739424,6.26763189961998,14.0643722547411,25.97779609139492,41.63272190414605,56.4326967410345,66.65337302597177,71.22758799474272,69.26873023308087,61.35838939723436,53.61818604024427,43.33348643007463,39.46621950946997,35.56234134826718,35.16582811163653,37.54628674397247,38.43579863491891,40.08107640626679,41.75413449884547,42.54501073699419,38.70565217949161,35.61656388011966,28.25429678794433,22.28616113902876,19.13074049165868,17.23677172165367,13.26618164547324,12.9623280183315,7.241537283255411,2.270075468174014,0.7978076478598268,0,0,0,0,0,0,0,0,0,0,0,0,0,0,0,0
0,0,0,0,0,0,0,0,0,0,0,0,0,0,0,0,0,0,0,0,0,0,0,0,0,0,0,0,0,0,0,0,0,0,0,0,0,0,0,0,0,0,0,0,0,0,0,0,0,0,0,0,2.57787622503324e-09,1.909409797532031,6.803609908428821,18.92239183804125,39.97584147037162,58.84888048938679,57.25538738791728,58.7050148019876,65.12303296070789,47.02739479674096,34.56341816541175,63.37846239427915,72.55079103688621,64.82610654513667,64.78271695794263,67.94014395873728,61.021013758756,51.68765196194624,41.46171628399873,38.05575396043071,31.19434320272603,31.36193685330704,38.37530708924032,41.32845956294409,38.10510952019968,33.70805541397863,37.56231386555464,33.36503484317177,24.59241751398031,14.80343429307914,5.694790469406371,0.02795690017342167,0,0,0,0,0,0,0,0,0,0,0,0,0,0,0,0
0,0,0,0,0,0,0,0,0,0,0,0,0,0,0,0,0,0,0,0,0,0,0,0,0,0,0,0,0,0,0,0,0,0,0,0,0,0,0,0,0,0,0,0,0,0,0,0,0,0,0,0,0.5024003210378853,2.859302022832335,6.760077120122391,10.91637735769343,18.90784492225522,29.23674937702526,37.63382181178585,40.67125918603077,42.19646100541286,38.91772053933815,36.38795362511678,36.79729693102132,36.1073264002917,34.71367941961927,34.80493728500403,33.39452689979316,33.58874584660873,34.894855975761,36.21467540996849,35.56009658048197,33.48272431413079,33.14589760722038,33.1788122599977,35.66216704046531,33.34538983251412,32.51794840716013,24.34475413998337,25.35744397690144,16.35390360785743,11.38581457309465,5.94243965967928,2.49462225162813,0.7587274397347983,0,0,0,0,0,0,0,0,0,0,0,0,0,0,0
0,0,0,0,0,0,0,0,0,0,0,0,0,0,0,0,0,0,0,0,0,0,0,0,0,0,0,0,0,0,0,0,0,0,0,0,0,0,0,0,0,0,0,0,0,0,0,0,0,0,0,0,2.429641850148761e-73,7.030758189135954e-46,0.4020508561331833,2.055672770922198,7.325282289749408,16.31257261033533,27.23432275644549,35.08869177152476,37.28244991587262,35.48274589221244,34.28213171970175,29.10115532768352,24.04189865189204,16.10898638980228,12.0505429720928,7.826772233690136,4.075551669971063,1.731872158631816,0.2392367238561661,1.572899802372888,4.610323425892361,8.703066749039081,11.15884088748834,12.54793599262074,13.01611849360285,13.43677368962004,12.7673121363965,10.95794611461432,7.852324768370266,4.095267592941937,1.34370260232609,0,0,0,0,0,0,0,0,0,0,0,0,0,0,0,0,0
0,0,0,0,0,0,0,0,0,0,0,0,0,0,0,0,0,0,0,0,0,0,0,0,0,0,0,0,0,0,0,0,0,0,0,0,0,0,0,0,0,0,0,0,0,0,0,0,0,0,0,0,2.57787622503324e-09,2.710216225669925,8.978938816937644,13.4313600290202,22.72404387681829,35.72285112091984,44.33716960883322,49.91070976577289,53.00360685001235,56.1126476337397,55.19195499938343,50.51331885217292,47.62917797015743,44.22884636253548,39.73355600013409,35.90869149451476,30.38111458585246,25.70946947575305,22.54334609059225,18.55000276846511,13.16110706307995,7.44164898959724,4.825270188387947,6.992249313303773,17.79550653133867,29.56460300718106,32.4290869267013,35.08890469943981,31.20297389388321,14.62188980877295,2.570556142168584,0,0,0,0,0,0,0,0,0,0,0,0,0,0,0,0,0
0,0,0,0,0,0,0,0,0,0,0,0,0,0,0,0,0,0,0,0,0,0,0,0,0,0,0,0,0,0,0,0,0,0,0,0,0,0,0,0,0,0,0,0,0,0,0,0,0,0,0,0.7985036820944834,4.337941178534489,9.28517165566412,13.13535661726988,17.44306552281214,26.44897874864575,37.05589005077075,44.61245148007171,46.67487201164884,45.34423515225589,41.32642231313469,43.55568901856392,49.87910842083238,51.65011040246509,54.97526398856729,63.59176661767157,77.49274428990196,86.58431004638152,91.23948570606365,92.43264174717325,91.36280455460457,89.95761614949464,82.62559203084902,72.48400773226183,59.84109307055701,42.18848603648905,25.77017174056459,12.90762445663574,3.461026345848836,0,0,0,0,0,0,0,0,0,0,0,0,0,0,0,0,0,0,0,0
0,0,0,0,0,0,0,0,0,0,0,0,0,0,0,0,0,0,0,0,0,0,0,0,0,0,0,0,0,0,0,0,0,0,0,0,0,0,0,0,0,0,0,0,0,0,0,0,0,0,0,1.189223117247029e-60,1.086462570069334e-34,0.188219601269263,1.028452900827876,2.254309549432609,3.409883145512864,3.650548295411456,2.424691646806724,1.204137010645657,0.7450253159332956,2.21891280078648,4.781627960810568,8.635850137477231,15.11464532435678,22.76765007724244,30.42504175711822,35.13221650712204,37.66876305567104,37.26143757985336,33.38854375546769,26.38994295213941,17.74494648898225,10.20354963851393,4.326645419195003,1.24556674688256,0,0,0,0,0,0,0,0,0,0,0,0,0,0,0,0,0,0,0,0,0,0,0,0
0,0,0,0,0,0,0,0,0,0,0,0,0,0,0,0,0,0,0,0,0,0,0,0,0,0,0,0,0,0,0,0,0,0,0,0,0,0,0,0,0,0,0,0,0,0,0,0,0,0,0,3.92004764947274e-73,2.575909151536751e-48,0.04085697971290839,1.683202151821643,4.204985400718768,10.75065519768908,16.37744830153997,26.21774304920554,36.79623393349942,38.38856883904465,46.937332502506,55.44301049018915,54.79831727625808,53.57646549046615,51.85434326423626,44.67018204286296,36.05545352118679,34.18814567563095,30.26153996500648,29.22447574452167,27.92855269867903,29.53782106868869,28.20437268987962,22.38759229044717,20.39698734663125,17.11513345336539,13.08514713491104,10.83167385631339,10.76586212861935,7.028267087138147,3.605934583286512,1.541229590847138,0,0,0,0,0,0,0,0,0,0,0,0,0,0,0,0,0
0,0,0,0,0,0,0,0,0,0,0,0,0,0,0,0,0,0,0,0,0,0,0,0,0,0,0,0,0,0,0,0,0,0,0,0,0,0,0,0,0,0,0,0,0,0,0,0,0,0,0,0,0,1.611270019825566e-92,2.014605057328104,6.80994636947915,9.120068228482268,12.61940372799604,16.53956765754164,23.38571199229222,24.39018427463488,35.74432023083051,41.12380384434476,48.15085679855133,52.47597920810114,57.78262342142051,60.67601251991169,60.46589918419659,62.9120729922783,58.51364206047845,57.8769796865887,53.36577448717765,46.33930936115951,42.54892488021824,34.78602768244491,25.64813069554032,20.19277490057675,15.41102702977446,12.27990760513501,11.67073530032428,12.09887780550412,14.98449806982035,9.131770264142006,5.678838437907757,2.546732610264826,0.2533480095549976,0,0,0,0,0,0,0,0,0,0,0,0,0,0
0,0,0,0,0,0,0,0,0,0,0,0,0,0,0,0,0,0,0,0,0,0,0,0,0,0,0,0,0,0,0,0,0,0,0,0,0,0,0,0,0,0,0,0,0,0,0,0,0,0,0,0,0,1.289516113735335,8.594163911086607,24.69598312703016,38.91736250821984,49.54163713342446,59.21937550601817,64.43995491783846,71.59438547265376,68.19543358454294,60.68652722918807,59.75078459497445,56.17643221122236,51.12219713411321,45.7888278034265,41.51365518911643,36.60614307884458,31.69542609281268,28.71428893094435,35.73097645753893,44.03399168906799,45.12032068909804,45.76147535693605,46.1302973271624,46.81453793424078,45.12546235794309,41.11229836029941,36.11713597799144,30.58212561480127,25.83177745278056,15.19238331836118,4.478805673448164,0.9850448982398348,0,0,0,0,0,0,0,0,0,0,0,0,0,0,0
0,0,0,0,0,0,0,0,0,0,0,0,0,0,0,0,0,0,0,0,0,0,0,0,0,0,0,0,0,0,0,0,0,0,0,0,0,0,0,0,0,0,0,0,0,0,0,0,0,0,0,0,0,1.826025492720407e-97,4.438012258374987e-85,8.68051186278364e-76,1.374445154415115,6.43962700065679,15.62883637207593,27.88535285695942,41.01532407643457,53.70741805736837,67.97402221304937,78.90871710877499,79.21033671644346,71.7941655462881,63.63558696487712,56.59057496011502,51.2580689124888,47.90054408120403,43.74420986275635,38.07252203920859,33.82436290178634,32.46037533132011,29.90328480535555,23.19812165521182,16.10087533406795,11.9332624418102,8.526220365562665,5.762939173685083,4.580128062711879,3.317009023580226,1.61097878077743,1.401033048004933,0.9849818013851745,0,0,0,0,0,0,0,0,0,0,0,0,0,0,0
0,0,0,0,0,0,0,0,0,0,0,0,0,0,0,0,0,0,0,0,0,0,0,0,0,0,0,0,0,0,0,0,0,0,0,0,0,0,0,0,0,0,0,0,0,0,0,0,0,0,0,0,0,0,0.04085697971290839,2.717082361277648,8.003406516418451,14.43319920928109,25.15509581336178,39.20458269307869,62.98922156948007,56.75098124677132,45.69666499045601,68.74341420021659,69.65869122813316,74.34073152500838,81.74489630410079,77.19656564174761,57.075337109906,48.6526046658056,39.22209604881039,36.68015746098058,39.27364402368028,46.40895145588303,54.28247426297725,55.71326540081384,58.57154289334767,58.47964395987458,51.84610588889689,40.94597534993841,29.25642901012418,11.26135841068879,4.561954880566645,0,0,0,0,0,0,0,0,0,0,0,0,0,0,0,0,0
0,0,0,0,0,0,0,0,0,0,0,0,0,0,0,0,0,0,0,0,0,0,0,0,0,0,0,0,0,0,0,0,0,0,0,0,0,0,0,0,0,0,0,0,0,0,0,0,0,0,0,0,0,0,2.204081771882485e-85,1.041586384846091e-76,0.3141204155947915,1.094464876360356,2.072786579978538,2.850111287448023,4.718107271867782,8.026527258395081,11.6325124561666,16.47012879848865,21.93535002725815,26.79258394668355,27.24674699559966,22.0174763221022,13.89787333654155,6.350798374445901,2.189523938527962,1.94866575555514,3.314362412864995,5.007977792594914,5.886365540732506,5.942011132060834,4.950823564358878,2.878232744493566,1.063845621527548,0,0,0,0,0,0,0,0,0,0,0,0,0,0,0,0,0,0,0,0,0
0,0,0,0,0,0,0,0,0,0,0,0,0,0,0,0,0,0,0,0,0,0,0,0,0,0,0,0,0,0,0,0,0,0,0,0,0,0,0,0,0,0,0,0,0,0,0,0,0,0,0,0,0.7176170490359688,2.78676101944983,5.44990791716509,10.3338136490185,18.23052345575394,34.88033674590777,55.34936937992669,67.41591327290885,85.02939689596045,92.01605880084043,99.70698163901139,96.02418588159023,91.61096548534235,86.78590311774815,84.80127545823339,85.45409855627889,79.6380282925391,76.64408218006764,81.75437397752546,79.14811717767651,71.73758586850721,70.60274969643501,73.04570295241388,71.71425070084138,62.75048374799781,55.41263230487698,43.26672752964578,26.6115467797315,2.975710851666122,0,0,0,0,0,0,0,0,0,0,0,0,0,0,0,0,0,0,0
0,0,0,0,0,0,0,0,0,0,0,0,0,0,0,0,0,0,0,0,0,0,0,0,0,0,0,0,0,0,0,0,0,0,0,0,0,0,0,0,0,0,0,0,0,0,0,0,0,0,0,0,1.069542395281246e-52,1.033880209456005,5.442511559666183,14.20188033146109,26.45750298689192,42.62851729707629,63.53522084948148,66.06939004939207,56.26385115481413,82.03639288989812,96.84453211393893,84.9767819531119,81.66216921460432,70.21466171520825,49.69173905558091,39.07044164585966,37.5246727322068,38.48325914469126,45.82928707373162,53.20647357413105,58.37152524314791,60.69073220620317,65.62632890487612,71.58057546640066,71.21364669709396,62.86206036529529,54.46210773990913,47.06099019715566,34.76893781177557,18.04337636066089,5.114611514425519,0.6492312461431311,0,0,0,0,0,0,0,0,0,0,0,0,0,0,0,0
0,0,0,0,0,0,0,0,0,0,0,0,0,0,0,0,0,0,0,0,0,0,0,0,0,0,0,0,0,0,0,0,0,0,0,0,0,0,0,0,0,0,0,0,0,0,0,0,0,0,0,0,1.65886307762736e-69,6.214492277152733e-59,5.078887991905201e-50,1.113525314806099e-12,3.802137655458385,15.24840882689831,27.51957175145823,35.33876706438622,40.19117921810133,46.4762909125097,60.30076234706868,69.30781475923379,79.27254509654122,87.02789383389413,93.66500960520239,93.39173643743351,86.84843929860727,78.28437503184063,64.4091171722194,49.39473997832323,35.60346008558412,35.59144261262696,34.30426706347231,34.56857285589194,36.57366490925295,32.66848249499589,25.05344421782155,17.16094052297041,9.013719507054645,2.010183252206559,0,0,0,0,0,0,0,0,0,0,0,0,0,0,0,0,0,0
0,0,0,0,0,0,0,0,0,0,0,0,0,0,0,0,0,0,0,0,0,0,0,0,0,0,0,0,0,0,0,0,0,0,0,0,0,0,0,0,0,0,0,0,0,0,0,0,0,0,0,0,0,9.841964853949571e-64,7.132945580530789e-41,0.1832211607105778,1.580871751166015,3.927404573340115,12.92090157417206,25.84104958891332,38.93099181231213,50.39698233313884,59.87945832080999,65.75355318130403,66.59665323640058,65.36997556101119,51.70111741484584,42.35106638840415,40.9582271282556,40.58924676108234,36.11965199064127,36.48309926806223,34.71366420078107,34.3041309714381,31.07468455973969,29.44238501293319,31.01860864615935,31.10923779272582,29.19670435924036,22.86873063158112,14.22547814888389,9.241998408551581,5.303338501843996,1.701485354899091,0.08256885736693675,0,0,0,0,0,0,0,0,0,0,0,0,0,0,0
0,0,0,0,0,0,0,0,0,0,0,0,0,0,0,0,0,0,0,0,0,0,0,0,0,0,0,0,0,0,0,0,0,0,0,0,0,0,0,0,0,0,0,0,0,0,0,0,0,0,0,1.76969131915916e-36,0.3701556705557921,1.734031201365417,5.033025834791578,8.510929957959242,10.54559878148989,14.60036064631633,21.40103604039811,36.64679560714472,51.48388399372598,54.47662031357379,52.79382078625449,52.69771026003411,51.02601972049536,45.70087572156496,43.25089328293592,40.36122372605564,40.13389324833383,37.79889223195232,36.35736002917702,38.23534350772263,36.13772737553472,35.47060090337072,36.54758826021714,35.97364218443659,33.54343519464669,29.34407918407589,24.29760624330595,17.25198087893739,11.79172563231066,9.45303648157801,6.476237472338653,0.6171891997113335,0,0,0,0,0,0,0,0,0,0,0,0,0,0,0,0
0,0,0,0,0,0,0,0,0,0,0,0,0,0,0,0,0,0,0,0,0,0,0,0,0,0,0,0,0,0,0,0,0,0,0,0,0,0,0,0,0,0,0,0,0,0,0,0,0,0,0,1.021830023752364e-79,2.573930942355799e-73,1.764106414549919e-66,5.865198039834204e-40,0.9711977069007268,5.042346343794982,6.862869865677138,7.043318206377087,18.19680863600374,27.55830909475434,30.20226007754186,34.46052633905423,34.00168482781895,30.10537058548593,31.38817541029783,36.03458474106688,40.37453039961377,46.15047508283905,51.6371078770168,54.11964356208972,53.94128900027263,53.57881203506471,53.91570027940969,53.96713631211952,50.02640764881198,44.92985338007713,40.21176453378149,32.68292368090567,23.04923201614167,15.18002859857967,8.650480582422517,2.695212041032448,0.11903114153057,0,0,0,0,0,0,0,0,0,0,0,0,0,0,0,0
0,0,0,0,0,0,0,0,0,0,0,0,0,0,0,0,0,0,0,0,0,0,0,0,0,0,0,0,0,0,0,0,0,0,0,0,0,0,0,0,0,0,0,0,0,0,0,0,0,0,0,4.991766155373982e-06,1.346054353205437,2.487384765423068,4.963331409002448,7.814990633511115,12.58256260324998,18.04506382672863,25.29691818146062,32.97945770934865,39.62535223786266,36.53247910420481,45.63518106326796,48.80373284269865,47.03292222920101,40.88090365441849,38.52738278424874,40.07568288732892,42.35613144455453,44.39725372912341,43.68015948682137,48.21722533191485,49.83385151457583,52.65626325755363,62.30799278361906,55.17516064787139,50.10972653654824,41.71042011049747,30.69444881479455,21.6022472793361,16.0455479313888,10.8591117332362,5.595046898798728,2.766988522815041,0.3209730994349229,0,0,0,0,0,0,0,0,0,0,0,0,0,0,0
0,0,0,0,0,0,0,0,0,0,0,0,0,0,0,0,0,0,0,0,0,0,0,0,0,0,0,0,0,0,0,0,0,0,0,0,0,0,0,0,0,0,0,0,0,0,0,0,0,0,0,1.421233485190565e-52,7.799334113424253e-19,1.026951776384096,2.835854162081119,6.122522740626945,9.654648349636357,14.70379994140239,25.63398560788632,38.800178769911,41.02669094067943,42.51884594582248,42.98400702646902,40.8559495080826,37.67394379036728,33.82931104724179,33.61819802050508,37.27065343666277,37.91695798958438,35.89830964877626,39.45752243143096,41.63619433428653,43.32007452926655,40.55703893942291,29.6060187555571,29.01016493406769,26.5006601801648,24.76747945844045,23.71743773779065,22.18615277956417,22.41139751457922,22.70604431828849,3.883299346992544,1.463464026542169,0,0,0,0,0,0,0,0,0,0,0,0,0,0,0,0
0,0,0,0,0,0,0,0,0,0,0,0,0,0,0,0,0,0,0,0,0,0,0,0,0,0,0,0,0,0,0,0,0,0,0,0,0,0,0,0,0,0,0,0,0,0,0,0,0,0,0,0.05026529193097153,2.255698347363855,5.270682167833522,8.109968254633305,12.37722261864173,16.19541007343003,21.81715854413103,25.23012587513401,27.53505063667077,32.52701594392849,37.40109836898574,28.26510846749284,43.10218768808272,49.56260983361346,49.62577458520059,43.24673194233333,46.04003593068086,51.11830171981626,54.29058182658071,56.72845365510716,57.92224578577429,60.81012505256069,61.55660623052938,53.13793809080937,48.90063956930703,45.35400305368898,40.9053535267517,33.49446844888951,24.05738248365799,15.02195653194099,8.299082981858419,1.649109619810361,3.407488520679181e-06,0,0,0,0,0,0,0,0,0,0,0,0,0,0,0,0
0,0,0,0,0,0,0,0,0,0,0,0,0,0,0,0,0,0,0,0,0,0,0,0,0,0,0,0,0,0,0,0,0,0,0,0,0,0,0,0,0,0,0,0,0,0,0,0,0,0,0,0.7176170490359688,2.405533073485435,5.523102194907791,10.10591010906879,12.67174188613939,22.15459308476095,33.29996213363084,38.86792479543058,45.16832783204541,35.88706001710378,38.92852696697099,44.82865817406145,51.97933230027041,61.2454015294976,45.76172280881116,26.74994606024381,16.74752642141272,24.08851297899275,28.58142361506657,22.81092778208904,18.57377875685745,27.40795182010129,28.25153829921828,26.37603156283956,18.48282958273398,15.97431130203927,11.05636590417544,5.996544222465559,0,0,0,0,0,0,0,0,0,0,0,0,0,0,0,0,0,0,0,0,0
0,0,0,0,0,0,0,0,0,0,0,0,0,0,0,0,0,0,0,0,0,0,0,0,0,0,0,0,0,0,0,0,0,0,0,0,0,0,0,0,0,0,0,0,0,0,0,0,0,0,0,3.361298507382814e-77,1.319006093728897e-53,0.2398385705863247,2.76747432893742,8.622310522756365,15.88521135610857,18.68095241222301,18.64821944693812,26.0006642039081,33.44457974178239,36.91561814817264,41.84131207631266,44.95719136853695,44.99247272629469,43.42713897668472,42.67149016329751,39.68597993662306,35.63483846871094,35.89629434271944,39.89739264413649,43.85187445371812,45.09705801845274,42.65296418922134,38.31949535075995,33.15315042807384,26.04217493137986,18.76709805098955,13.23288950702437,10.06987215418951,6.910743431926392,2.571153096652779,0.1067486629936525,0,0,0,0,0,0,0,0,0,0,0,0,0,0,0,0,0
0,0,0,0,0,0,0,0,0,0,0,0,0,0,0,0,0,0,0,0,0,0,0,0,0,0,0,0,0,0,0,0,0,0,0,0,0,0,0,0,0,0,0,0,0,0,0,0,0,0,0,1.687206819872196e-70,6.137648263175498e-44,0.5313552470712056,2.058317269224304,3.365540426438487,5.531989138501396,8.131136446824941,9.469136716343808,15.82677830533169,15.76577783430436,20.4855445174197,27.25385426374146,35.05960273556541,40.49692684866591,39.46870951426456,36.56062171351783,26.69877728968805,21.58856305331551,20.60199793127242,20.56581126771169,25.11369809810122,27.84034823855768,27.55325358572929,25.74938972312668,23.32479427414972,19.75880081213484,14.163053130511,9.008561289311274,7.084531440432443,4.887057023756938,2.743955138840192,1.772254093430206,0.08234906745190074,0.08825423520329423,0,0,0,0,0,0,0,0,0,0,0,0,0,0,0
0,0,0,0,0,0,0,0,0,0,0,0,0,0,0,0,0,0,0,0,0,0,0,0,0,0,0,0,0,0,0,0,0,0,0,0,0,0,0,0,0,0,0,0,0,0,0,0,0,0,0,0,0,1.69312638326171,8.084388163354905,18.13640366806604,29.02928142782806,37.39258852050777,46.43916538212369,50.26998286545972,51.87321322360918,59.02620728630367,64.97843785888111,71.68057335747369,78.29735520927835,80.56345542640082,77.73333585201846,71.18726364790956,64.83124265915217,60.75362113469845,54.45422028551275,46.589676526402,41.77957407353642,36.94446810918862,31.46323877041334,25.55431613188875,20.24729997349812,19.6735718275354,21.47988857699193,21.08112916186064,16.89336501052992,11.48720365064116,5.10401066486736,0.6544294339977341,0,0,0,0,0,0,0,0,0,0,0,0,0,0,0,0
0,0,0,0,0,0,0,0,0,0,0,0,0,0,0,0,0,0,0,0,0,0,0,0,0,0,0,0,0,0,0,0,0,0,0,0,0,0,0,0,0,0,0,0,0,0,0,0,0,0,0,0,0,6.770755951068421e-44,0.5234310913554512,2.986539177682835,7.437857798208073,12.24712740478262,17.44153099015921,23.86096609761753,29.6890369144369,34.87653418461115,38.41401325029519,31.96694949601061,22.89280674078373,20.70829588723666,20.59612432656503,22.35203405912793,25.55472896289984,28.98559257132081,34.54004758386967,38.94652741065917,38.06815923093208,35.6282475197346,35.82605882875194,34.63438421828707,30.00627777413217,23.53390772904316,19.27559701747538,17.75899388749116,13.53034642273445,6.931941601108008,1.622024413666963,1.015527573144936e-07,0,0,0,0,0,0,0,0,0,0,0,0,0,0,0,0
0,0,0,0,0,0,0,0,0,0,0,0,0,0,0,0,0,0,0,0,0,0,0,0,0,0,0,0,0,0,0,0,0,0,0,0,0,0,0,0,0,0,0,0,0,0,0,0,0,0,0,0,0,0,1.074949289192173,3.040281349738182,7.111843295549773,12.4075459561486,16.79652416581139,18.76121132328774,21.33393766545764,29.31363500088064,35.4324498950583,42.2716789227492,49.96022137779838,54.93036162585378,55.61047487471939,54.23689166807623,53.55424976615154,49.8452509650561,47.2191956701102,45.58278748340706,46.48831289642806,47.44065749487663,44.96204178307789,41.31229977105249,36.15654575759731,31.12180185662942,24.28332331502236,17.40290410339253,12.87616210920555,8.792754442289038,4.832773978265323,0.213497325987305,0,0,0,0,0,0,0,0,0,0,0,0,0,0,0,0
0,0,0,0,0,0,0,0,0,0,0,0,0,0,0,0,0,0,0,0,0,0,0,0,0,0,0,0,0,0,0,0,0,0,0,0,0,0,0,0,0,0,0,0,0,0,0,0,0,0,0,0,0,2.755522822995285e-88,0.4958277702802267,2.593166945949394,5.236400131738444,8.389275984552034,12.43994735052276,15.33699478965492,23.11014233942042,31.93052403154176,42.60826302048169,48.93530598957133,50.85708300064849,51.67574085782627,46.09495493054163,43.55975414073748,39.40367905913024,34.47234962671297,32.1694738654175,33.72804860255565,35.47995134134067,29.8419396143388,28.94208715933132,25.83927327400829,19.78013926892925,11.54996555964726,6.756581087162999,5.047646218611817,3.600018002512684,1.31570199365558,0.01759715160540054,0,0,0,0,0,0,0,0,0,0,0,0,0,0,0,0,0
0,0,0,0,0,0,0,0,0,0,0,0,0,0,0,0,0,0,0,0,0,0,0,0,0,0,0,0,0,0,0,0,0,0,0,0,0,0,0,0,0,0,0,0,0,0,0,0,0,0,0,0.08455973569159472,1.637603171292616,9.174445669941434,24.62628696396975,40.15100334435093,44.95293151305408,44.07555812726901,45.5981054830026,39.87776151772071,30.6479613844752,36.77102343060523,47.42602990354487,47.65673584980456,45.37991739869219,46.82333582775877,47.34179586343802,43.35288481279605,36.05962068788028,29.76665786308155,27.51275260720502,27.23607126756087,29.70703518803197,35.55189005088118,39.97127962642929,40.48690293624753,39.88812809481038,35.67642920922776,28.89624836153354,21.71204633888971,13.33296090865304,6.266832246038462,1.723915618924536,0.03843454707202909,0,0,0,0,0,0,0,0,0,0,0,0,0,0,0,0
0,0,0,0,0,0,0,0,0,0,0,0,0,0,0,0,0,0,0,0,0,0,0,0,0,0,0,0,0,0,0,0,0,0,0,0,0,0,0,0,0,0,0,0,0,0,0,0,0,0,0,5.954991593223394e-14,1.289516113735335,9.319252854679375,24.20472496575579,40.64012998855817,64.12596499453781,67.17166297613724,66.12527737106205,60.3823690386879,54.28703993671147,49.29542514849882,50.12693420383741,48.7042533131584,48.05722773975981,41.93058886232757,39.43392758286831,37.45029982355976,37.67143474726976,44.64447812230577,54.57849839119956,54.89613315079913,50.40736692322974,48.92585161255147,49.39095839795215,51.15541150187704,51.75154690842044,47.00176729376915,36.26831534646965,24.04057108806933,9.102293691267391,0,0,0,0,0,0,0,0,0,0,0,0,0,0,0,0,0,0,0
0,0,0,0,0,0,0,0,0,0,0,0,0,0,0,0,0,0,0,0,0,0,0,0,0,0,0,0,0,0,0,0,0,0,0,0,0,0,0,0,0,0,0,0,0,0,0,0,0,0,0,0,0,3.025563676770355e-78,9.127440466092471e-71,0.6762570493436016,3.070886328528409,4.951315412528732,9.372548686938501,16.01861582854364,21.11110052514862,23.83015098879652,27.91692282074609,31.95214124765269,29.98865282626684,36.95628024314047,37.92943819738437,36.50231245337619,33.53999917580381,28.66716613869602,23.30711049068111,13.78078360653672,11.9710409856923,11.87103321309667,12.37485006157817,14.01475887523713,14.6424398193235,14.97583622438168,21.13863887645238,22.1841306732116,20.43195288973209,20.36652506558016,12.72510001291073,4.882192941412427,0.7669574367741916,0,0,0,0,0,0,0,0,0,0,0,0,0,0,0
0,0,0,0,0,0,0,0,0,0,0,0,0,0,0,0,0,0,0,0,0,0,0,0,0,0,0,0,0,0,0,0,0,0,0,0,0,0,0,0,0,0,0,0,0,0,0,0,0,0,0,3.087080163396449e-71,5.309164609118955e-49,0.07277008267101495,0.4775719109714573,2.331302809631282,6.340149284101852,12.24589857989605,14.82202331034924,20.10360932776086,25.34313524204926,27.30687890685931,27.38184928484014,27.74937799393635,23.85464966765119,25.00244612050153,28.94788694815261,32.87194998914748,37.53127498112298,38.88191320659217,37.68475458322507,36.45312981980925,35.86253049460981,34.09528787481156,30.7753591774092,24.23171761021877,21.29426796004088,18.0558567980753,17.43832102247939,16.34296823181489,14.37258161277794,11.3239173239125,4.161452920886404,1.487494174346466,0,0,0,0,0,0,0,0,0,0,0,0,0,0,0,0
0,0,0,0,0,0,0,0,0,0,0,0,0,0,0,0,0,0,0,0,0,0,0,0,0,0,0,0,0,0,0,0,0,0,0,0,0,0,0,0,0,0,0,0,0,0,0,0,0,0,3.087087846930736e-71,5.309164615147576e-49,0.0727700826710211,1.881687095507237,6.011964980397499,10.06947278261674,15.33557492735011,15.14407502194724,13.65356842380502,7.479523724065825,4.522170216337745,3.370651161242421,4.96714195773221,8.24364214055543,12.97603497746345,17.91599306105863,21.41002754437623,21.87183464527137,19.21193973421677,14.83541290230662,9.689387602822421,5.076178861492579,1.7007465848734,0.8982702087250516,2.04000680409078,3.649922040371763,4.552454655496632,4.533929553726409,3.460223333902007,1.823740224953795,0.5362090458273769,0,0,0,0,0,0,0,0,0,0,0,0,0,0,0,0,0,0,0
0,0,0,0,0,0,0,0,0,0,0,0,0,0,0,0,0,0,0,0,0,0,0,0,0,0,0,0,0,0,0,0,0,0,0,0,0,0,0,0,0,0,0,0,0,0,0,0,0,0,0.08455973569165427,2.842559549336356,12.40548258440906,24.57980365375979,30.79466502903509,29.57057684825786,28.39345267183272,7.581274498582559,5.012336541795975,9.393327670480971,12.84778924483888,16.62302814650945,18.14269002248557,21.95838769090926,25.02542609434801,29.03589303043003,29.3315272718001,29.0410633197414,30.1344354879364,30.38420546357207,27.78612413425276,31.78068536234116,38.3840257609732,34.03238406825136,28.79372133386573,23.87085626269391,16.74311133886795,13.08171651590158,9.970290538605127,5.6474448655797,3.183438726512122,0,0,0,0,0,0,0,0,0,0,0,0,0,0,0,0,0,0,0
0,0,0,0,0,0,0,0,0,0,0,0,0,0,0,0,0,0,0,0,0,0,0,0,0,0,0,0,0,0,0,0,0,0,0,0,0,0,0,0,0,0,0,0,0,0,0,0,0,0,2.171518206396449e-83,2.991420191317562e-69,1.868230282951902e-33,1.61428225331642,3.629820183376851,3.629820183376851,6.216584427073187,3.075888607712724,6.328356265226827,8.870290507834039,13.08134117257513,16.29473063104756,19.69209116524123,22.84534694672142,26.23870852674946,29.96942331337564,33.20106065914069,34.39542614918582,32.83812577014231,32.68682702511762,31.74554870172761,31.34315145230681,30.9037671761069,20.19469695761228,16.58194213752245,15.02217277885359,13.00388716635331,10.36303621768639,7.752954368137296,10.02122286504778,10.73101942965724,9.493530930422651,9.893634016455508,3.9015641982445,0,0,0,0,0,0,0,0,0,0,0,0,0,0,0,0
0,0,0,0,0,0,0,0,0,0,0,0,0,0,0,0,0,0,0,0,0,0,0,0,0,0,0,0,0,0,0,0,0,0,0,0,0,0,0,0,0,0,0,0,0,0,0,0,0,0,0,0,0.2732466810614371,2.673570789150469,9.379803762025812,19.58074055174449,21.19854248280265,23.24002936620866,28.69058530290455,25.20199431135944,21.04161252789399,32.76630096868732,37.71532426600783,35.87736549844743,38.02763609790111,40.14302772069993,45.27484054091912,48.17398689634211,47.40102933110978,52.75352643443171,54.47654883620919,56.21221463395716,60.71386947260351,63.04462350195104,64.13033456645189,64.02119912566866,51.62421913690844,44.4711920472829,36.31151479291088,26.72837799732974,15.05574675124217,10.65131839515925,9.565197631535284,4.161452920886404,1.487494174346466,0,0,0,0,0,0,0,0,0,0,0,0,0,0,0
0,0,0,0,0,0,0,0,0,0,0,0,0,0,0,0,0,0,0,0,0,0,0,0,0,0,0,0,0,0,0,0,0,0,0,0,0,0,0,0,0,0,0,0,0,0,0,0,0,0,0,0,2.828016973436592e-57,6.216233177906572e-27,2.142640813099477,4.100464765316221,2.951256152581912,6.669688566186563,4.924021463775263,7.881608925291946,14.43573699485949,20.65726940832234,23.89853994577356,27.13886649809304,27.00797622289858,26.5963534336712,28.54332759160692,29.81468210522075,32.81010535790907,32.49200598701088,28.6769182524186,27.80530078904576,29.4895443269628,32.1572916964642,33.31343474205232,30.44395550869626,22.782168849247,15.23301117059088,12.34267613825938,9.622268553792992,9.539568637765569,6.063813499861681,2.147158039859278,0.2533480095549976,0,0,0,0,0,0,0,0,0,0,0,0,0,0,0,0
0,0,0,0,0,0,0,0,0,0,0,0,0,0,0,0,0,0,0,0,0,0,0,0,0,0,0,0,0,0,0,0,0,0,0,0,0,0,0,0,0,0,0,0,0,0,0,0,0,0,0,0,1.112225006303106,3.679199769697888,7.39147912717238,14.27965121301816,23.40020696108527,33.99398354252703,52.4850629395111,66.75864471706271,76.85275652237786,84.99662076466552,86.58046403930211,77.48466924058965,67.26815450763229,50.74918803262221,45.31263356878992,44.0211486855452,45.67569739155829,50.53762851817964,53.18203676615531,53.84044304559143,58.60479290897354,58.52160545327888,56.58351139211049,49.91606673098249,40.158212522133,31.08195052858287,22.71302555589523,19.29377645179261,12.54772558430773,10.15636300785968,5.228337684704684,0,0,0,0,0,0,0,0,0,0,0,0,0,0,0,0,0
0,0,0,0,0,0,0,0,0,0,0,0,0,0,0,0,0,0,0,0,0,0,0,0,0,0,0,0,0,0,0,0,0,0,0,0,0,0,0,0,0,0,0,0,0,0,0,0,0,0,0,0,1.69312638326171,6.377218226852563,12.74333051183962,17.78416931119305,18.20423181325347,22.3621758884406,21.05384324515917,21.52200377155278,23.44971932491494,29.90016789869401,32.118555208011,33.54753250728115,39.35633943141622,43.04273949143078,50.04915775345387,54.41758519025024,54.69204109918297,53.89965975288067,50.06443732808771,43.60031853406622,35.66632087950325,33.8250435608943,29.11866839223535,27.06647396078029,24.6901794593723,22.50812319618251,18.45713074455875,13.3512777125826,11.98966719116697,8.83418141722143,5.216789612225739,6.274269883555348,3.395467464921126,0,0,0,0,0,0,0,0,0,0,0,0,0,0,0
0,0,0,0,0,0,0,0,0,0,0,0,0,0,0,0,0,0,0,0,0,0,0,0,0,0,0,0,0,0,0,0,0,0,0,0,0,0,0,0,0,0,0,0,0,0,0,0,0,0,0,0,1.607868509103461,4.645114714035076,3.421026533257853,2.243902447532749,4.000815272193437,7.097807411740433,10.92654278506485,13.64103211781143,16.32662655502028,18.57616462498085,23.61038187698853,24.20188940937145,26.43123393105003,29.75458525014997,32.41913521205984,33.96029797463041,34.39315828778314,30.25816314938987,28.22966290486374,29.37209384519008,30.35397250315759,29.86960664097546,28.14862138733429,24.46697070824024,22.87047937170064,20.40839396906489,15.9103623975659,9.56601735328627,3.080000215174096,1.756154358424624,0.1059619877257774,0,0,0,0,0,0,0,0,0,0,0,0,0,0,0,0,0
0,0,0,0,0,0,0,0,0,0,0,0,0,0,0,0,0,0,0,0,0,0,0,0,0,0,0,0,0,0,0,0,0,0,0,0,0,0,0,0,0,0,0,0,0,0,0,0,0,0,0,0,0.9548953508767435,3.152371454757082,3.680140026723516,6.541345237445056,7.352524608917129,7.129727421943173,6.241764782442253,7.75745280377982,11.26529364636299,15.72755123712606,18.54240984688494,19.48374366517287,21.43126927569899,22.63720828505546,24.47041451193672,24.96497999656032,26.89150244127927,28.46363099793913,31.18365268008728,35.92453629228481,40.51005446391036,44.64412898974115,44.7921388754209,39.78657873473605,31.090088572414,17.42781907803777,0.2363527460428259,0,0,0,0,0,0,0,0,0,0,0,0,0,0,0,0,0,0,0,0,0
0,0,0,0,0,0,0,0,0,0,0,0,0,0,0,0,0,0,0,0,0,0,0,0,0,0,0,0,0,0,0,0,0,0,0,0,0,0,0,0,0,0,0,0,0,0,0,0,0,0,0,0.2732466810614371,2.673570789150469,8.375241567833811,14.8925806677159,14.59599414514503,16.93962073800182,19.15083438822322,18.96758025017216,17.58403450009185,28.96279476059928,35.82920869944874,39.94715491638613,49.7935348096934,55.83662761258586,64.56099756753542,73.21981344957845,76.70221973579959,82.10447678764604,82.65132536523242,81.87027091001005,82.40862299002549,79.43377714706571,75.83280779815266,72.29433028081462,56.03605726816295,46.20380436541814,39.08067580170177,26.60335204980947,12.54589759919668,7.486060794363993,4.920316249590769,2.928778432737317,1.670561337658683,0,0,0,0,0,0,0,0,0,0,0,0,0,0,0,0
0,0,0,0,0,0,0,0,0,0,0,0,0,0,0,0,0,0,0,0,0,0,0,0,0,0,0,0,0,0,0,0,0,0,0,0,0,0,0,0,0,0,0,0,0,0,0,0,0,0,0,6.781844461542225e-80,1.643911872494167e-73,7.079332739464203e-67,1.075603702580831e-45,0.4134692061493815,2.781942272091285,7.141328152078282,10.13430574629781,14.29235742284774,18.55649154484745,21.46752747603395,22.44264643656842,24.23064723223251,26.5679107810936,26.29689380137484,26.58630498964055,25.51889981382007,20.22623193322013,17.12681618463333,15.36993617819348,15.28309384980656,19.90030176344175,23.36828589862324,25.85679938542046,27.97818034865099,27.68029099876759,24.72124466407212,19.2567112336028,17.10288953095778,13.94131878841813,9.592129200669888,9.071166128227958,3.9015641982445,0,0,0,0,0,0,0,0,0,0,0,0,0,0,0,0
0,0,0,0,0,0,0,0,0,0,0,0,0,0,0,0,0,0,0,0,0,0,0,0,0,0,0,0,0,0,0,0,0,0,0,0,0,0,0,0,0,0,0,0,0,0,0,0,0,0,0,1.503065695395441e-88,1.051834233669061e-82,1.112225006303106,3.837781661952578,9.733094916344712,20.66272697774562,33.36291228386697,40.44149919120223,43.57094643101485,49.20387288094776,57.16552268290508,68.78916220093788,79.26819972195352,74.06620874278184,61.56783672268995,50.51595349453532,44.24049161131336,45.6231876412088,46.58241856519487,52.94596363265595,60.50069383819772,64.26608352424,63.04639875502892,56.10333598331641,50.92738585338748,42.83705317996021,33.58981686206391,26.31423238844491,13.19278924043192,2.686470173694488,0.6394744741273826,0.2066752911997582,0,0,0,0,0,0,0,0,0,0,0,0,0,0,0,0,0
0,0,0,0,0,0,0,0,0,0,0,0,0,0,0,0,0,0,0,0,0,0,0,0,0,0,0,0,0,0,0,0,0,0,0,0,0,0,0,0,0,0,0,0,0,0,0,0,0,0,0,3.417393105523592e-90,3.498785863903557e-86,0.08526096696455812,2.077485676490077,7.738444995808555,13.11974320453928,15.12033417859247,21.5000931020415,34.77568390107898,51.31649555183401,66.74756784393264,75.00627023779106,76.70052048975506,73.13526324316419,63.16725544971442,48.95684820141571,38.06601797991328,30.83443436050641,27.08509457510326,28.23286920055239,30.55096605951201,29.08812360838215,28.87592012252219,35.04358328611988,38.04894287637666,34.13890997225639,27.05279846490174,20.72783836390272,13.48492434834731,6.661165276839142,3.313553890222238,1.058959762172833,0.08479690526235117,0,0,0,0,0,0,0,0,0,0,0,0,0,0,0,0
0,0,0,0,0,0,0,0,0,0,0,0,0,0,0,0,0,0,0,0,0,0,0,0,0,0,0,0,0,0,0,0,0,0,0,0,0,0,0,0,0,0,0,0,0,0,0,0,0,0,0,0,0.8285731471318424,2.925416782510758,6.271297336809393,12.2561401255002,19.73731772543007,27.25352632219871,35.31754720891844,43.29431280072563,51.04952202485914,60.34721808119164,72.8176708413379,92.64852819857447,72.86722292234217,80.82693769435858,95.11138517154774,102.3478686720603,102.4403941761719,99.44769259220669,93.99069926461573,84.55322445670896,71.61625159453519,57.16198693889226,49.89660798898615,41.2997179247202,31.50068246960848,18.4355539539024,11.42703144756945,7.007186894260599,2.396632841660676,0,0,0,0,0,0,0,0,0,0,0,0,0,0,0,0,0,0,0
0,0,0,0,0,0,0,0,0,0,0,0,0,0,0,0,0,0,0,0,0,0,0,0,0,0,0,0,0,0,0,0,0,0,0,0,0,0,0,0,0,0,0,0,0,0,0,0,0,0,0,0,2.825964305855127e-27,0.7225893706560007,2.887982180691311,5.854677080321191,7.860897914659384,8.746078055583364,8.924200709951037,10.2516649221129,10.42972740430528,11.38467669938635,11.63816960983154,15.75148001405574,22.81412187328763,30.09178863474253,32.72851380777917,34.4056138955028,34.80970433895683,36.61723037506931,39.12365547216166,39.13550722230315,38.18748231031208,37.02263215119831,35.31387296769032,32.00015840500168,24.45568033433074,18.20831043745375,14.90848507619944,9.45805654442654,5.215425981048384,3.170112631378174,0.7996564202102263,0,0,0,0,0,0,0,0,0,0,0,0,0,0,0,0,0
0,0,0,0,0,0,0,0,0,0,0,0,0,0,0,0,0,0,0,0,0,0,0,0,0,0,0,0,0,0,0,0,0,0,0,0,0,0,0,0,0,0,0,0,0,0,0,0,0,0,0,0,2.825964305855127e-27,0.6974567246905149,1.642495880687462,3.667034663179303,8.025177516699801,16.07122986881835,25.84714676874512,33.81656050183108,27.68184995253985,28.2148528370911,30.67098001500096,39.87982587943628,53.84118926921897,57.78753899963652,44.44787520809831,38.10297379444495,21.49048759749712,18.53281721843149,19.19544868349112,21.05286063599789,31.77799828637274,38.00087763657859,46.60143806949031,38.20001317673825,33.76979657271647,33.23396879058203,22.58744771363422,15.38284935628894,10.13129684952548,3.987287135848078,1.792022154805409,0.6578509968277331,0,0,0,0,0,0,0,0,0,0,0,0,0,0,0,0
0,0,0,0,0,0,0,0,0,0,0,0,0,0,0,0,0,0,0,0,0,0,0,0,0,0,0,0,0,0,0,0,0,0,0,0,0,0,0,0,0,0,0,0,0,0,0,0,0,0,0,0,0,0,0.02513264596548576,1.837223718926555,6.320660447957615,10.46759477014363,13.8939896470245,17.95052764642084,21.33855092355034,23.55733548637124,25.02355579991313,27.45968814727614,33.35972165711257,38.62453984009016,41.56312572462468,47.48536761174029,52.00445516732708,51.75395223926489,54.23463643574172,55.31306252692661,51.40752372335999,49.62839948485828,43.77357833348026,39.74001074080843,36.09087545872933,26.25234624636641,18.66847261219425,13.34741801528332,6.770590668930481,1.863817282349373,0.1067486629937093,0,0,0,0,0,0,0,0,0,0,0,0,0,0,0,0,0
0,0,0,0,0,0,0,0,0,0,0,0,0,0,0,0,0,0,0,0,0,0,0,0,0,0,0,0,0,0,0,0,0,0,0,0,0,0,0,0,0,0,0,0,0,0,0,0,0,0,0,0,0,0,5.269153359560539e-30,0.1176396197163995,0.7217103665917373,3.069342227443837,9.230524312507153,17.78539329454732,26.82384153458408,36.28535344250108,42.48510923957193,47.74012461153503,55.58205066121171,63.52552399950312,67.86998789778323,66.25244903878297,64.50123815013342,66.29885752485862,65.5059012457404,62.31058476825768,57.45186165012319,51.8666652058206,44.66164462575188,40.34639976090506,33.52334117441671,23.01937093359328,12.91549366608353,7.594831433982904,4.925735353346454,2.804995250220998,0.3131023057524089,0,0,0,0,0,0,0,0,0,0,0,0,0,0,0,0,0
0,0,0,0,0,0,0,0,0,0,0,0,0,0,0,0,0,0,0,0,0,0,0,0,0,0,0,0,0,0,0,0,0,0,0,0,0,0,0,0,0,0,0,0,0,0,0,0,0,0,0,0,0,0,0.2355214225099616,1.66659265873333,4.507039743896758,7.809903025540476,9.788107945144306,7.214205312321081,12.46508974728667,17.83157023743416,23.72398883281151,26.96097024741348,29.66812280315833,30.27233760998632,28.11068861521599,22.76444063700112,19.86264210168991,16.88007343773307,15.85002031330464,17.00075107632767,18.73402462696015,21.82567840466373,16.17244332627143,16.10505936619893,16.26530668270658,14.174970780249,10.25054795647702,7.263844018390273,5.384294553025597,3.699707951570474,1.477991965604303,0,0,0,0,0,0,0,0,0,0,0,0,0,0,0,0,0
0,0,0,0,0,0,0,0,0,0,0,0,0,0,0,0,0,0,0,0,0,0,0,0,0,0,0,0,0,0,0,0,0,0,0,0,0,0,0,0,0,0,0,0,0,0,0,0,0,0,0,0,0,0,0.9329783591093362,5.656946218357535,14.81504211069926,25.66399178060292,28.92970294123563,29.55834927356706,31.29475356694978,32.87035937194622,39.73208713640605,44.27138500263553,44.67227132537241,40.31575729697846,39.83855801118972,35.85853860030522,33.80231065421884,33.83288445575869,37.64173033195772,40.74444281780575,40.83074444609167,41.10348068186408,36.00926443756157,34.57867193177674,31.68733022454012,22.84742923269187,15.20377790365262,9.210940811624141,6.326990331793013,3.038893169251764,0.8007626449517602,8.753886504564434e-12,0,0,0,0,0,0,0,0,0,0,0,0,0,0,0,0
0,0,0,0,0,0,0,0,0,0,0,0,0,0,0,0,0,0,0,0,0,0,0,0,0,0,0,0,0,0,0,0,0,0,0,0,0,0,0,0,0,0,0,0,0,0,0,0,0,0,0,0,0,1.010979931673846e-52,6.745391501972484e-19,2.400082795861139,7.924392366688095,13.73262514781993,20.22767950433744,19.89913867225368,29.07965101553111,31.23801840397134,33.06529799199784,36.34367235720035,26.71887946626666,24.74110521401866,30.46841988782026,36.52980368747797,41.80407482567432,36.09360979765046,30.22423320025371,32.19386288030262,28.20666320950318,23.60786508508301,20.00214295512257,17.80697475302509,16.32160121245727,13.33261121609701,11.90408477697486,9.625920049372439,6.23251549741974,3.33390732940893,1.246597329511019,4.41093561676098e-09,0,0,0,0,0,0,0,0,0,0,0,0,0,0,0,0
0,0,0,0,0,0,0,0,0,0,0,0,0,0,0,0,0,0,0,0,0,0,0,0,0,0,0,0,0,0,0,0,0,0,0,0,0,0,0,0,0,0,0,0,0,0,0,0,0,0,0,0,0,2.703138241043449e-83,2.204345469095491e-61,0.05106770476253861,1.400703580042456,5.119559633196905,10.49019815951632,15.36436929812353,20.25371867505672,21.3488431818366,25.89503940438722,36.34992053880327,47.57138589358925,58.59129749597875,72.5928403300959,85.86565072081896,71.98375105294167,51.14204324598404,40.22435939868706,34.1058028479618,41.26318158900307,43.38562986676027,45.57928514751893,41.23203807530376,27.28787662697175,20.37778759355308,14.45072139684828,8.169873049882312,4.237384495570609,0.1567761726363415,0,0,0,0,0,0,0,0,0,0,0,0,0,0,0,0,0,0
0,0,0,0,0,0,0,0,0,0,0,0,0,0,0,0,0,0,0,0,0,0,0,0,0,0,0,0,0,0,0,0,0,0,0,0,0,0,0,0,0,0,0,0,0,0,0,0,0,0,0,0,0,0.9636554516890695,2.806180938163966,5.611587819912548,9.161311877702772,16.4873721581401,24.91180453102065,29.91781431225471,20.72224668931126,15.30130693530046,14.63628758122368,23.4882799458924,34.79200631791437,36.8506786868341,28.03890046474598,24.96853770511399,19.30085095506541,16.50331490856485,14.08734505249896,14.3099643604599,22.15685695686932,27.793959177506,33.61741606238479,29.56392567362082,30.32382534780481,28.19122799790944,19.63102889286461,11.72383139995281,5.645753933151127,3.343737035642107,1.792022154805409,0.6578509968277331,0,0,0,0,0,0,0,0,0,0,0,0,0,0,0,0
0,0,0,0,0,0,0,0,0,0,0,0,0,0,0,0,0,0,0,0,0,0,0,0,0,0,0,0,0,0,0,0,0,0,0,0,0,0,0,0,0,0,0,0,0,0,0,0,0,0,0,0,0,0,0.9636554516890695,4.508271373407234,11.96351995393247,22.22844297920984,39.84866254004808,61.27501515647751,93.47092939819112,101.0231239199342,96.32610290487065,84.90987563946405,85.61212321233933,107.0361728054886,131.6060629248709,132.5087993163337,128.8567912208206,106.9517970274072,81.64145746219089,56.67132022400654,34.47299223895334,27.06710739037851,35.91654702659207,52.73827014386723,57.63972102024934,58.25521667702026,58.61926833539792,45.94545455145555,23.30618286801041,0,0,0,0,0,0,0,0,0,0,0,0,0,0,0,0,0,0,0
0,0,0,0,0,0,0,0,0,0,0,0,0,0,0,0,0,0,0,0,0,0,0,0,0,0,0,0,0,0,0,0,0,0,0,0,0,0,0,0,0,0,0,0,0,0,0,0,0,0,0,0,0.05026529193097153,2.255698347363855,5.270682167833522,8.109968254366695,10.77435958442861,12.7150761822492,14.54032499122851,15.77744101002084,19.56447739308211,25.19302855390362,34.64976086076152,16.04762431510062,38.50941855397025,47.4187891505895,48.01482820705914,46.75580794502554,47.93650279473923,48.66711053663585,46.81792417389073,45.37804043253283,42.57866608138443,49.0914817036811,50.08566534230852,43.55224501559269,40.45404137047012,39.26046996761738,35.32570788359783,28.02908401457387,18.98322013318625,11.77383276210344,6.133744443101023,1.646076334521581,3.407488406992343e-06,0,0,0,0,0,0,0,0,0,0,0,0,0,0,0
0,0,0,0,0,0,0,0,0,0,0,0,0,0,0,0,0,0,0,0,0,0,0,0,0,0,0,0,0,0,0,0,0,0,0,0,0,0,0,0,0,0,0,0,0,0,0,0,0,0,0,0,2.484031382558796e-76,4.4015581249667e-61,0.6974567246905149,2.480902769848428,6.040585603969298,10.11885578195612,13.49944834052583,15.35957851228103,17.6480712236301,20.90853630329241,26.8565554910154,31.61674790337196,36.43265566624038,37.30286278322757,37.09790052974941,27.73525797609318,23.5157467398347,25.68859444499452,26.90210749939757,27.50763138500969,28.02933291362768,29.74453330201453,29.07091002207102,24.90844449963254,23.03327809554486,21.88817688886081,18.80496501767186,13.41517029182853,8.714078407228726,4.798889946833242,3.27797991521345,2.028877444267437,0.398185700292629,0,0,0,0,0,0,0,0,0,0,0,0,0,0,0
